"Fecha","Último","Apertura","Máximo","Mínimo","Vol.","% var."
"08.02.2019","527,99","529,58","530,92","526,69","96,27M","-0,47%"
"07.02.2019","530,50","535,50","538,60","530,50","98,56M","-1,14%"
"06.02.2019","536,63","532,19","537,28","532,19","115,17M","0,78%"
"05.02.2019","532,49","526,70","532,66","526,12","93,12M","1,30%"
"04.02.2019","525,68","523,59","525,68","523,11","94,15M","0,47%"
"01.02.2019","523,24","521,82","523,24","519,74","112,22M","0,50%"
"31.01.2019","520,63","520,15","521,02","516,47","192,71M","0,41%"
"30.01.2019","518,48","515,36","519,89","515,36","106,46M","0,68%"
"29.01.2019","515,00","512,14","517,44","510,93","78,92M","0,81%"
"28.01.2019","510,88","512,67","514,05","509,32","86,04M","-0,82%"
"25.01.2019","515,10","513,50","515,54","512,56","95,77M","0,98%"
"24.01.2019","510,08","507,50","511,53","506,94","81,93M","0,52%"
"23.01.2019","507,46","503,85","511,46","502,87","85,27M","0,14%"
"22.01.2019","506,75","506,91","508,89","504,62","70,67M","-0,61%"
"21.01.2019","509,88","508,84","510,61","508,60","47,91M","0,04%"
"18.01.2019","509,70","502,84","510,63","502,83","110,66M","1,97%"
"17.01.2019","499,84","497,89","500,56","496,88","72,98M","-0,01%"
"16.01.2019","499,87","500,55","501,05","496,92","77,43M","0,34%"
"15.01.2019","498,20","499,21","500,15","495,15","74,44M","0,65%"
"14.01.2019","494,99","495,32","496,92","493,69","73,38M","-0,73%"
"11.01.2019","498,65","499,34","501,18","496,81","78,38M","0,18%"
"10.01.2019","497,77","493,90","497,77","492,17","81,10M","0,31%"
"09.01.2019","496,21","497,05","499,04","494,82","93,94M","0,51%"
"08.01.2019","493,69","491,72","497,35","491,40","93,04M","0,39%"
"07.01.2019","491,75","494,23","494,59","488,98","75,17M","-0,05%"
"04.01.2019","492,01","484,30","493,39","483,29","95,99M","2,41%"
"03.01.2019","480,41","480,74","483,80","478,20","87,79M","-1,27%"
"02.01.2019","486,57","479,91","488,37","477,05","75,58M","-0,27%"
"31.12.2018","487,88","486,41","488,37","484,95","25,13M","0,77%"
"28.12.2018","484,17","480,06","485,94","477,90","76,23M","1,71%"
"27.12.2018","476,03","486,15","486,27","472,19","97,18M","-0,48%"
"24.12.2018","478,34","480,25","483,63","478,34","28,53M","-1,33%"
"21.12.2018","484,81","483,15","484,81","477,75","197,44M","-0,24%"
"20.12.2018","485,97","487,82","489,56","485,24","126,13M","-2,02%"
"19.12.2018","495,99","493,36","497,06","493,02","88,29M","0,31%"
"18.12.2018","494,45","496,04","497,48","493,08","110,33M","-1,13%"
"17.12.2018","500,08","504,89","504,89","498,08","81,62M","-1,27%"
"14.12.2018","506,53","503,43","508,19","500,24","84,24M","-0,34%"
"13.12.2018","508,27","511,15","511,52","506,28","98,07M","-0,28%"
"12.12.2018","509,72","503,67","511,84","503,67","96,50M","1,74%"
"11.12.2018","501,01","498,41","505,22","497,81","96,23M","1,15%"
"10.12.2018","495,31","500,75","502,53","493,57","108,72M","-1,72%"
"07.12.2018","503,98","502,48","509,52","502,16","100,56M","1,01%"
"06.12.2018","498,92","510,71","511,00","496,64","136,85M","-3,32%"
"05.12.2018","516,04","518,44","518,70","515,98","72,94M","-1,37%"
"04.12.2018","523,23","523,84","525,25","522,27","93,35M","-0,12%"
"03.12.2018","523,87","529,74","530,03","523,48","101,36M","0,87%"
"30.11.2018","519,37","520,38","521,11","516,85","143,03M","-0,17%"
"29.11.2018","520,28","523,57","523,86","518,16","96,14M","0,13%"
"28.11.2018","519,58","521,95","522,65","518,43","108,63M","0,00%"
"27.11.2018","519,56","519,50","520,33","516,09","97,29M","0,13%"
"26.11.2018","518,91","518,06","520,43","516,20","119,07M","0,98%"
"23.11.2018","513,85","514,37","515,62","509,46","82,01M","-0,05%"
"22.11.2018","514,10","515,67","516,30","513,74","96,57M","-0,63%"
"21.11.2018","517,34","513,26","517,84","512,53","87,32M","1,34%"
"20.11.2018","510,48","515,79","516,24","506,90","103,81M","-1,62%"
"19.11.2018","518,90","524,24","526,32","518,40","67,08M","-0,68%"
"16.11.2018","522,43","527,24","528,59","520,07","101,72M","-0,47%"
"15.11.2018","524,89","527,16","528,65","519,97","95,03M","-0,43%"
"14.11.2018","527,14","524,78","530,82","522,11","85,45M","-0,47%"
"13.11.2018","529,61","527,96","530,05","525,15","78,13M","0,67%"
"12.11.2018","526,10","533,45","534,21","525,87","65,93M","-0,65%"
"09.11.2018","529,55","526,38","530,05","524,99","75,19M","0,20%"
"08.11.2018","528,48","530,78","531,61","527,58","72,74M","-0,02%"
"07.11.2018","528,57","524,93","529,72","524,86","98,71M","1,20%"
"06.11.2018","522,31","523,79","523,84","520,13","75,25M","0,07%"
"05.11.2018","521,94","522,24","524,76","521,14","70,38M","0,03%"
"02.11.2018","521,80","528,18","528,45","521,80","101,64M","0,19%"
"01.11.2018","520,80","519,90","523,08","518,94","114,67M","0,40%"
"31.10.2018","518,71","516,19","520,21","516,00","106,77M","1,56%"
"30.10.2018","510,73","510,76","512,32","505,50","84,31M","0,26%"
"29.10.2018","509,40","507,97","514,21","507,82","72,44M","0,37%"
"26.10.2018","507,52","508,80","509,09","500,45","111,35M","-1,10%"
"25.10.2018","513,16","504,34","513,64","504,17","109,29M","1,06%"
"24.10.2018","507,80","511,93","515,52","507,60","108,87M","-0,60%"
"23.10.2018","510,86","513,55","514,42","509,20","113,77M","-1,58%"
"22.10.2018","519,08","526,95","527,49","518,70","85,73M","-1,16%"
"19.10.2018","525,17","525,14","527,86","521,91","117,78M","0,25%"
"18.10.2018","523,87","526,91","529,12","523,87","100,55M","-0,70%"
"17.10.2018","527,58","531,43","533,43","525,33","102,75M","0,27%"
"16.10.2018","526,18","518,36","526,66","517,72","97,95M","1,51%"
"15.10.2018","518,36","516,28","519,12","512,67","85,29M","0,40%"
"12.10.2018","516,29","522,82","522,87","516,10","109,14M","-0,31%"
"11.10.2018","517,89","520,97","524,83","516,99","139,78M","-1,92%"
"10.10.2018","528,03","537,25","537,37","528,03","117,32M","-1,66%"
"09.10.2018","536,95","534,91","537,81","530,67","81,69M","0,64%"
"08.10.2018","533,52","538,09","538,56","532,62","79,79M","-1,11%"
"05.10.2018","539,51","544,27","544,71","538,96","82,04M","-0,85%"
"04.10.2018","544,12","552,05","552,31","543,38","100,51M","-1,58%"
"03.10.2018","552,85","551,22","553,72","549,92","77,21M","0,64%"
"02.10.2018","549,33","549,96","550,10","546,14","79,79M","-0,58%"
"01.10.2018","552,55","550,08","554,05","549,98","73,48M","0,53%"
"28.09.2018","549,62","552,15","553,49","546,52","112,10M","-0,75%"
"27.09.2018","553,75","550,51","554,34","549,52","81,25M","0,25%"
"26.09.2018","552,35","552,99","552,99","550,20","72,05M","-0,05%"
"25.09.2018","552,64","549,51","553,32","549,50","91,48M","0,77%"
"24.09.2018","548,43","548,59","550,39","547,66","81,12M","-0,25%"
"21.09.2018","549,79","549,02","550,98","548,77","168,26M","0,43%"
"20.09.2018","547,45","543,61","548,22","543,61","115,54M","0,81%"
"19.09.2018","543,07","543,39","544,71","540,85","100,41M","0,00%"
"18.09.2018","543,06","540,76","543,46","539,82","87,76M","0,41%"
"17.09.2018","540,85","539,99","542,60","538,89","79,37M","0,06%"
"14.09.2018","540,53","541,32","542,51","539,65","90,87M","0,19%"
"13.09.2018","539,52","539,77","542,15","538,70","88,99M","-0,14%"
"12.09.2018","540,27","539,62","543,36","537,35","92,35M","0,09%"
"11.09.2018","539,79","540,21","540,28","536,24","96,79M","-0,00%"
"10.09.2018","539,80","537,67","541,37","537,59","82,00M","0,24%"
"07.09.2018","538,51","539,37","539,37","533,91","154,31M","-0,16%"
"06.09.2018","539,37","545,01","546,26","539,37","92,35M","-1,38%"
"05.09.2018","546,91","551,79","552,35","546,52","97,55M","-1,17%"
"04.09.2018","553,41","560,63","561,61","551,81","90,20M","-1,14%"
"03.09.2018","559,78","558,50","560,46","557,70","49,29M","0,24%"
"31.08.2018","558,42","561,95","562,14","557,93","93,22M","-0,88%"
"30.08.2018","563,37","564,54","564,54","561,09","86,15M","-0,31%"
"29.08.2018","565,15","564,40","565,58","561,97","58,84M","0,38%"
"28.08.2018","563,03","565,24","565,51","563,03","71,40M","-0,19%"
"27.08.2018","564,13","562,00","564,41","561,31","47,87M","0,69%"
"24.08.2018","560,29","559,32","561,52","559,32","63,17M","0,25%"
"23.08.2018","558,91","559,27","561,63","558,87","62,82M","-0,05%"
"22.08.2018","559,20","555,39","560,39","555,39","81,15M","0,36%"
"21.08.2018","557,20","555,57","558,38","555,41","63,59M","0,21%"
"20.08.2018","556,05","554,56","557,46","554,15","67,75M","0,56%"
"17.08.2018","552,95","556,10","556,13","549,73","81,21M","-0,62%"
"16.08.2018","556,38","555,27","557,06","553,86","77,38M","0,67%"
"15.08.2018","552,70","562,41","562,43","550,73","86,05M","-1,56%"
"14.08.2018","561,48","563,66","565,01","560,35","67,33M","0,05%"
"13.08.2018","561,19","561,23","562,69","559,54","78,10M","-0,32%"
"10.08.2018","562,98","567,81","568,74","560,79","102,38M","-1,61%"
"09.08.2018","572,22","571,36","573,01","571,27","65,55M","-0,26%"
"08.08.2018","573,70","572,41","575,09","572,28","71,57M","-0,04%"
"07.08.2018","573,91","573,95","575,45","573,38","71,83M","0,24%"
"06.08.2018","572,56","572,52","573,61","570,54","60,22M","0,05%"
"03.08.2018","572,29","571,78","573,34","570,84","81,06M","0,41%"
"02.08.2018","569,95","570,63","572,54","567,87","146,48M","-0,51%"
"01.08.2018","572,88","574,68","575,49","571,96","88,91M","-0,24%"
"31.07.2018","574,25","573,06","575,68","572,87","90,50M","0,18%"
"30.07.2018","573,19","572,65","574,97","572,57","70,83M","-0,53%"
"27.07.2018","576,24","574,23","576,90","573,88","83,96M","0,45%"
"26.07.2018","573,66","574,92","575,65","571,81","111,38M","0,13%"
"25.07.2018","572,90","572,83","574,16","571,64","75,10M","-0,13%"
"24.07.2018","573,62","572,46","575,67","570,55","87,60M","0,55%"
"23.07.2018","570,48","570,61","572,19","568,56","63,23M","-0,30%"
"20.07.2018","572,20","569,15","573,01","566,86","104,85M","0,35%"
"19.07.2018","570,21","568,28","570,71","567,19","80,20M","0,36%"
"18.07.2018","568,19","563,95","568,83","563,49","78,28M","1,61%"
"17.07.2018","559,19","558,19","559,96","556,02","71,65M","0,15%"
"16.07.2018","558,35","560,86","561,40","557,29","56,84M","-0,32%"
"13.07.2018","560,12","558,42","560,80","558,42","58,16M","0,56%"
"12.07.2018","557,02","554,46","557,04","552,44","68,18M","0,68%"
"11.07.2018","553,25","556,54","556,84","553,25","82,08M","-1,31%"
"10.07.2018","560,58","559,03","561,57","558,22","69,70M","0,51%"
"09.07.2018","557,71","557,00","558,85","556,27","72,29M","0,74%"
"06.07.2018","553,62","555,09","555,31","550,24","83,64M","0,21%"
"05.07.2018","552,44","549,01","556,21","549,01","85,93M","0,59%"
"04.07.2018","549,22","548,73","550,36","547,92","63,48M","-0,15%"
"03.07.2018","550,06","549,54","551,66","547,17","71,27M","0,65%"
"02.07.2018","546,51","545,46","548,86","544,09","78,70M","-0,94%"
"29.06.2018","551,68","553,11","554,96","551,68","98,72M","0,77%"
"28.06.2018","547,48","549,66","552,41","544,12","83,38M","-0,85%"
"27.06.2018","552,19","547,48","554,92","543,87","93,03M","0,90%"
"26.06.2018","547,27","548,99","550,57","547,08","76,90M","0,08%"
"25.06.2018","546,81","556,73","558,20","546,81","63,22M","-2,41%"
"22.06.2018","560,34","553,70","560,34","553,61","89,86M","1,40%"
"21.06.2018","552,60","556,82","558,25","551,16","99,59M","-0,43%"
"20.06.2018","554,97","557,46","558,97","554,97","101,63M","0,07%"
"19.06.2018","554,57","553,12","555,51","551,72","96,62M","-0,91%"
"18.06.2018","559,68","560,27","561,43","556,50","87,28M","-0,36%"
"15.06.2018","561,71","567,83","569,16","561,71","181,90M","-1,03%"
"14.06.2018","567,53","560,66","568,51","557,39","113,14M","0,63%"
"13.06.2018","563,95","563,50","566,38","563,16","91,86M","0,17%"
"12.06.2018","563,01","567,06","567,57","562,38","78,15M","-0,32%"
"11.06.2018","564,84","562,29","565,49","561,70","85,49M","0,86%"
"08.06.2018","560,03","558,04","561,39","555,77","97,34M","-0,36%"
"07.06.2018","562,04","565,23","565,23","559,96","97,15M","-0,04%"
"06.06.2018","562,24","563,24","564,62","558,26","90,80M","-0,10%"
"05.06.2018","562,78","561,37","565,95","560,91","92,18M","0,19%"
"04.06.2018","561,70","562,21","563,53","560,82","88,80M","0,45%"
"01.06.2018","559,18","556,52","560,86","556,43","99,17M","1,14%"
"31.05.2018","552,85","558,82","559,26","552,36","143,47M","-0,85%"
"30.05.2018","557,60","554,88","557,60","553,20","102,43M","0,51%"
"29.05.2018","554,77","556,81","558,20","550,38","126,16M","-0,91%"
"28.05.2018","559,84","564,84","565,34","558,12","60,39M","-0,52%"
"25.05.2018","562,77","564,32","565,31","559,96","97,01M","0,20%"
"24.05.2018","561,62","565,49","567,85","560,48","117,61M","-0,61%"
"23.05.2018","565,07","569,95","570,08","563,30","157,20M","-1,22%"
"22.05.2018","572,05","569,80","572,90","569,13","121,01M","0,35%"
"21.05.2018","570,07","568,23","571,08","568,06","113,89M","0,54%"
"18.05.2018","567,03","567,71","570,22","565,10","97,90M","-0,34%"
"17.05.2018","568,96","565,14","568,96","564,95","100,19M","0,68%"
"16.05.2018","565,13","562,99","565,48","562,99","84,73M","0,11%"
"15.05.2018","564,49","562,50","565,77","561,99","93,15M","0,17%"
"14.05.2018","563,52","562,11","563,57","561,52","74,65M","0,22%"
"11.05.2018","562,27","561,63","562,94","560,38","85,20M","0,02%"
"10.05.2018","562,18","561,11","563,12","560,46","75,66M","0,12%"
"09.05.2018","561,51","559,04","561,51","558,45","110,85M","0,54%"
"08.05.2018","558,51","557,24","559,74","556,66","85,27M","0,12%"
"07.05.2018","557,86","555,23","557,97","554,99","43,82M","0,39%"
"04.05.2018","555,70","552,65","555,76","552,37","80,83M","0,72%"
"03.05.2018","551,73","554,24","555,30","550,42","87,87M","-0,74%"
"02.05.2018","555,86","555,54","557,69","555,07","98,37M","0,02%"
"30.04.2018","555,73","554,23","555,89","553,92","79,42M","0,14%"
"27.04.2018","554,94","554,84","556,15","553,16","82,10M","0,10%"
"26.04.2018","554,41","549,90","554,76","548,84","110,74M","0,49%"
"25.04.2018","551,73","551,08","553,57","548,79","92,52M","-0,85%"
"24.04.2018","556,44","552,48","556,51","552,29","82,77M","0,40%"
"23.04.2018","554,25","550,17","554,33","549,02","78,62M","0,70%"
"20.04.2018","550,38","549,13","552,04","548,57","94,70M","-0,17%"
"19.04.2018","551,31","553,72","553,83","550,01","78,61M","-0,37%"
"18.04.2018","553,35","550,62","553,83","550,62","95,13M","0,37%"
"17.04.2018","551,32","548,10","552,33","547,31","79,33M","0,86%"
"16.04.2018","546,62","548,43","549,02","545,96","72,39M","-0,26%"
"13.04.2018","548,05","547,99","549,07","546,54","77,42M","0,03%"
"12.04.2018","547,90","545,10","548,75","544,56","93,88M","0,62%"
"11.04.2018","544,50","544,19","545,53","542,16","80,88M","-0,14%"
"10.04.2018","545,25","543,11","545,57","541,39","89,35M","0,99%"
"09.04.2018","539,90","540,39","541,65","537,53","67,39M","0,11%"
"06.04.2018","539,29","538,11","541,14","537,60","82,82M","-0,22%"
"05.04.2018","540,49","534,45","541,10","533,64","99,72M","2,72%"
"04.04.2018","526,19","528,96","529,39","521,68","91,22M","-0,43%"
"03.04.2018","528,48","525,32","530,40","524,29","81,24M","-0,20%"
"29.03.2018","529,52","528,13","532,22","526,23","83,47M","0,48%"
"28.03.2018","527,00","521,04","527,10","517,70","104,57M","0,24%"
"27.03.2018","525,76","527,16","528,14","524,91","88,60M","1,35%"
"26.03.2018","518,75","522,68","524,80","516,58","81,87M","-0,52%"
"23.03.2018","521,45","523,67","525,24","517,88","103,65M","-1,31%"
"22.03.2018","528,37","532,81","536,05","524,57","108,44M","-1,51%"
"21.03.2018","536,48","535,46","536,57","533,22","78,43M","0,19%"
"20.03.2018","535,45","532,45","536,11","530,79","78,11M","0,74%"
"19.03.2018","531,52","536,29","536,76","530,31","78,20M","-1,01%"
"16.03.2018","536,92","533,53","537,82","533,36","192,00M","0,68%"
"15.03.2018","533,30","532,93","534,29","530,77","80,69M","0,44%"
"14.03.2018","530,97","531,23","534,64","529,89","84,19M","-0,29%"
"13.03.2018","532,52","538,53","539,53","530,52","83,98M","-1,10%"
"12.03.2018","538,43","539,73","539,75","536,25","62,07M","0,24%"
"09.03.2018","537,14","534,87","537,91","534,32","72,56M","0,36%"
"08.03.2018","535,22","531,33","536,56","530,44","92,30M","0,85%"
"07.03.2018","530,71","526,02","531,23","524,83","79,90M","0,44%"
"06.03.2018","528,36","530,92","531,07","528,33","79,45M","0,35%"
"05.03.2018","526,51","517,79","527,32","517,79","85,10M","1,50%"
"02.03.2018","518,72","524,78","525,61","517,27","112,83M","-2,05%"
"01.03.2018","529,59","533,05","533,38","527,10","94,19M","-1,12%"
"28.02.2018","535,58","535,69","539,08","535,24","90,74M","-0,42%"
"27.02.2018","537,83","540,36","540,65","536,57","78,30M","-0,09%"
"26.02.2018","538,31","536,88","540,18","536,64","63,60M","0,79%"
"23.02.2018","534,09","533,68","534,58","531,23","57,59M","0,27%"
"22.02.2018","532,64","530,11","533,51","528,37","80,29M","-0,25%"
"21.02.2018","533,95","531,46","534,47","529,54","74,92M","0,19%"
"20.02.2018","532,93","528,68","533,33","528,02","72,96M","0,79%"
"19.02.2018","528,76","533,79","533,79","527,85","52,04M","-0,66%"
"16.02.2018","532,27","530,72","533,00","529,96","89,35M","0,89%"
"15.02.2018","527,57","528,06","529,43","525,58","102,68M","0,37%"
"14.02.2018","525,64","523,98","527,48","518,05","102,14M","0,97%"
"13.02.2018","520,57","524,78","525,27","520,57","79,22M","-0,67%"
"12.02.2018","524,10","524,30","526,57","521,61","94,41M","1,11%"
"09.02.2018","518,33","522,97","525,40","515,96","138,18M","-1,48%"
"08.02.2018","526,12","532,94","533,87","524,21","116,79M","-1,91%"
"07.02.2018","536,36","533,73","537,72","529,52","127,52M","1,93%"
"06.02.2018","526,18","523,19","533,60","522,20","190,47M","-3,04%"
"05.02.2018","542,65","544,07","545,16","540,77","99,11M","-1,35%"
"02.02.2018","550,08","555,70","555,70","549,95","91,61M","-1,22%"
"01.02.2018","556,87","563,02","563,54","555,84","103,09M","-0,65%"
"31.01.2018","560,52","560,43","562,08","559,15","108,81M","-0,09%"
"30.01.2018","561,00","563,23","564,76","559,88","94,38M","-0,89%"
"29.01.2018","566,06","567,58","567,58","565,08","69,05M","-0,13%"
"26.01.2018","566,79","565,00","567,70","564,40","61,20M","0,30%"
"25.01.2018","565,07","564,80","569,21","563,35","84,89M","-0,17%"
"24.01.2018","566,04","570,04","570,44","566,04","80,16M","-0,80%"
"23.01.2018","570,60","572,75","572,81","569,26","92,87M","-0,04%"
"22.01.2018","570,82","569,08","570,90","568,86","76,78M","0,27%"
"19.01.2018","569,30","565,67","570,27","565,54","84,82M","0,50%"
"18.01.2018","566,49","565,88","566,49","564,15","89,79M","0,57%"
"17.01.2018","563,28","561,72","564,09","561,33","88,43M","0,37%"
"16.01.2018","561,18","561,70","562,70","560,26","75,08M","0,02%"
"15.01.2018","561,06","561,50","562,23","559,86","56,71M","-0,01%"
"12.01.2018","561,10","559,99","561,10","557,93","87,55M","0,40%"
"11.01.2018","558,89","561,33","561,33","557,83","103,32M","-0,28%"
"10.01.2018","560,44","562,17","563,30","559,16","113,49M","-0,46%"
"09.01.2018","563,04","562,24","563,31","561,24","108,09M","0,38%"
"08.01.2018","560,89","559,82","561,32","559,53","68,96M","0,49%"
"05.01.2018","558,16","554,59","558,16","554,17","79,15M","0,74%"
"04.01.2018","554,06","551,37","555,00","550,91","97,55M","0,86%"
"03.01.2018","549,34","546,46","551,02","546,10","96,58M","0,84%"
"02.01.2018","544,79","545,24","545,38","540,34","66,57M","0,04%"
"29.12.2017","544,58","546,20","547,72","544,04","46,94M","-0,45%"
"28.12.2017","547,06","548,35","548,94","546,47","41,09M","-0,28%"
"27.12.2017","548,60","548,51","549,86","546,44","43,13M","0,02%"
"22.12.2017","548,48","548,33","549,18","546,89","46,67M","-0,17%"
"21.12.2017","549,39","546,27","549,72","544,08","72,73M","0,37%"
"20.12.2017","547,38","552,21","552,26","545,19","75,90M","-0,84%"
"19.12.2017","552,03","553,84","555,12","551,91","68,93M","-0,23%"
"18.12.2017","553,29","551,57","553,65","551,15","81,76M","0,84%"
"15.12.2017","548,67","546,61","548,67","545,65","144,95M","0,22%"
"14.12.2017","547,47","550,16","550,60","547,47","88,65M","-0,56%"
"13.12.2017","550,56","551,65","552,85","550,56","100,19M","-0,42%"
"12.12.2017","552,87","550,09","552,87","548,96","116,44M","0,81%"
"11.12.2017","548,41","548,81","548,92","547,20","93,22M","0,22%"
"08.12.2017","547,22","547,30","548,90","546,36","112,56M","0,50%"
"07.12.2017","544,51","543,65","544,67","542,08","116,56M","0,32%"
"06.12.2017","542,77","539,15","543,75","538,30","86,97M","-0,06%"
"05.12.2017","543,08","542,51","543,88","540,19","94,20M","0,28%"
"04.12.2017","541,54","541,99","543,55","539,82","97,75M","1,11%"
"01.12.2017","535,57","540,95","541,40","535,29","108,77M","-0,84%"
"30.11.2017","540,11","541,11","545,02","540,11","150,61M","-0,24%"
"29.11.2017","541,42","546,13","546,60","540,18","96,37M","-0,40%"
"28.11.2017","543,59","539,40","544,98","539,04","90,84M","1,02%"
"27.11.2017","538,09","539,84","542,95","538,05","75,84M","-0,47%"
"24.11.2017","540,63","541,61","543,53","540,63","65,67M","-0,13%"
"23.11.2017","541,35","538,60","542,39","537,76","62,85M","0,25%"
"22.11.2017","540,02","542,16","544,43","540,02","92,79M","-0,33%"
"21.11.2017","541,82","539,50","543,20","538,75","97,30M","0,39%"
"20.11.2017","539,71","535,63","540,91","535,52","86,60M","0,58%"
"17.11.2017","536,62","539,72","539,87","534,62","111,01M","-0,48%"
"16.11.2017","539,19","540,03","540,49","538,18","84,83M","0,13%"
"15.11.2017","538,49","538,65","539,66","535,44","122,29M","-0,60%"
"14.11.2017","541,73","545,94","546,60","540,06","112,26M","-0,68%"
"13.11.2017","545,43","548,35","548,77","543,10","88,79M","-0,35%"
"10.11.2017","547,32","549,66","551,10","547,23","105,77M","-0,55%"
"09.11.2017","550,37","554,56","555,61","550,00","141,12M","-0,79%"
"08.11.2017","554,77","555,18","555,89","553,64","108,84M","0,18%"
"07.11.2017","553,80","557,29","557,43","553,64","84,00M","-0,26%"
"06.11.2017","555,22","554,50","556,17","553,55","89,85M","0,01%"
"03.11.2017","555,15","554,96","555,47","553,32","100,30M","0,24%"
"02.11.2017","553,83","554,52","555,47","551,14","91,95M","-0,12%"
"01.11.2017","554,49","555,71","557,35","554,49","89,59M","0,20%"
"31.10.2017","553,38","550,36","553,92","550,14","74,25M","0,71%"
"30.10.2017","549,46","549,16","550,06","548,50","71,81M","0,00%"
"27.10.2017","549,44","549,32","551,29","548,04","99,34M","0,32%"
"26.10.2017","547,67","541,59","548,19","541,59","91,06M","1,18%"
"25.10.2017","541,27","543,28","545,25","540,37","81,71M","-0,44%"
"24.10.2017","543,67","544,85","546,71","543,67","84,18M","-0,42%"
"23.10.2017","545,96","545,30","547,36","543,75","74,34M","0,24%"
"20.10.2017","544,63","545,95","546,45","543,82","97,81M","0,01%"
"19.10.2017","544,56","545,87","546,58","541,66","90,76M","-0,57%"
"18.10.2017","547,68","546,81","549,45","546,20","63,93M","0,19%"
"17.10.2017","546,62","547,05","547,78","546,19","64,51M","-0,01%"
"16.10.2017","546,67","547,43","547,79","546,67","62,78M","0,08%"
"13.10.2017","546,21","544,00","547,15","543,85","82,64M","0,62%"
"12.10.2017","542,84","541,69","543,02","541,18","64,24M","0,20%"
"11.10.2017","541,76","541,74","541,80","539,73","77,57M","0,11%"
"10.10.2017","541,14","540,44","542,17","540,22","66,43M","-0,01%"
"09.10.2017","541,19","540,70","542,74","540,32","58,88M","0,24%"
"06.10.2017","539,90","542,38","542,38","539,26","84,88M","-0,55%"
"05.10.2017","542,88","541,11","542,88","540,99","83,45M","0,23%"
"04.10.2017","541,65","542,51","542,51","540,28","83,08M","-0,11%"
"03.10.2017","542,25","541,99","542,25","540,86","63,44M","0,22%"
"02.10.2017","541,04","538,57","541,26","537,79","75,97M","0,74%"
"29.09.2017","537,06","534,39","537,06","534,25","92,30M","0,69%"
"28.09.2017","533,39","531,91","533,39","531,37","79,70M","0,43%"
"27.09.2017","531,09","529,54","531,88","529,39","93,56M","0,49%"
"26.09.2017","528,50","527,16","529,65","527,13","76,26M","0,14%"
"25.09.2017","527,78","527,17","529,75","526,89","73,19M","-0,05%"
"22.09.2017","528,03","527,03","529,28","526,85","83,98M","-0,08%"
"21.09.2017","528,47","530,01","530,75","528,09","95,98M","-0,04%"
"20.09.2017","528,66","528,35","529,24","527,88","64,18M","0,00%"
"19.09.2017","528,66","528,38","529,32","528,03","65,85M","-0,12%"
"18.09.2017","529,31","529,11","530,05","528,20","59,65M","0,48%"
"15.09.2017","526,78","528,33","529,00","526,11","151,74M","-0,48%"
"14.09.2017","529,34","527,86","530,13","527,69","87,04M","0,12%"
"13.09.2017","528,69","525,74","529,76","525,74","76,64M","0,40%"
"12.09.2017","526,58","525,92","527,38","525,18","83,85M","0,50%"
"11.09.2017","523,96","521,60","524,03","521,60","74,68M","0,99%"
"08.09.2017","518,82","517,01","519,51","516,82","73,06M","-0,00%"
"07.09.2017","518,83","517,77","520,04","515,94","78,03M","0,46%"
"06.09.2017","516,47","513,90","517,12","512,82","72,74M","0,20%"
"05.09.2017","515,46","517,39","518,90","514,77","70,53M","-0,16%"
"04.09.2017","516,27","515,01","517,81","515,01","49,32M","-0,37%"
"01.09.2017","518,18","518,16","519,02","517,11","64,66M","0,41%"
"31.08.2017","516,04","515,55","517,38","514,30","88,79M","0,59%"
"30.08.2017","513,01","513,34","514,02","511,29","63,80M","0,58%"
"29.08.2017","510,03","510,12","510,57","505,92","92,58M","-0,92%"
"28.08.2017","514,76","515,13","516,63","512,68","49,67M","-0,51%"
"25.08.2017","517,42","518,72","520,02","517,37","71,04M","-0,32%"
"24.08.2017","519,10","520,39","520,95","519,10","57,77M","-0,05%"
"23.08.2017","519,36","521,32","522,72","518,31","61,21M","-0,48%"
"22.08.2017","521,87","518,97","521,92","518,97","59,60M","1,00%"
"21.08.2017","516,71","518,07","519,23","515,46","66,90M","-0,56%"
"18.08.2017","519,64","519,83","519,86","517,30","83,25M","-0,78%"
"17.08.2017","523,71","524,91","526,09","523,14","70,78M","-0,41%"
"16.08.2017","525,89","524,33","526,81","524,08","66,94M","0,62%"
"15.08.2017","522,67","522,47","523,38","521,01","55,31M","0,30%"
"14.08.2017","521,10","519,93","522,01","518,82","60,80M","0,80%"
"11.08.2017","516,97","520,05","520,05","516,11","103,78M","-1,27%"
"10.08.2017","523,63","527,21","527,41","522,57","117,69M","-0,87%"
"09.08.2017","528,21","530,51","531,11","527,32","95,74M","-0,84%"
"08.08.2017","532,68","531,65","533,18","530,32","74,64M","0,24%"
"07.08.2017","531,41","530,06","531,41","529,31","67,47M","0,44%"
"04.08.2017","529,09","523,77","529,89","523,45","79,20M","0,67%"
"03.08.2017","525,57","523,60","526,54","521,84","78,91M","0,05%"
"02.08.2017","525,30","528,68","528,68","524,24","91,74M","-0,41%"
"01.08.2017","527,48","528,75","529,10","524,93","80,26M","0,39%"
"31.07.2017","525,44","525,59","527,85","525,02","85,74M","-0,02%"
"28.07.2017","525,53","527,64","527,64","524,16","97,84M","-0,91%"
"27.07.2017","530,35","526,80","530,66","526,35","98,80M","0,50%"
"26.07.2017","527,72","525,33","528,31","524,65","98,06M","0,58%"
"25.07.2017","524,69","522,14","526,56","522,14","98,96M","0,58%"
"24.07.2017","521,65","522,60","523,14","519,32","92,75M","-0,11%"
"21.07.2017","522,22","525,58","527,16","521,00","110,48M","-0,77%"
"20.07.2017","526,29","526,67","529,83","524,71","99,04M","0,39%"
"19.07.2017","524,25","522,44","524,42","520,44","77,57M","1,17%"
"18.07.2017","518,17","520,80","521,89","517,33","82,64M","-0,64%"
"17.07.2017","521,50","522,80","523,33","520,72","62,29M","0,08%"
"14.07.2017","521,07","519,45","521,26","518,44","68,59M","0,38%"
"13.07.2017","519,11","517,88","519,74","516,84","83,35M","0,49%"
"12.07.2017","516,59","512,38","518,32","512,08","87,30M","1,10%"
"11.07.2017","510,99","512,75","513,59","510,35","71,99M","-0,21%"
"10.07.2017","512,05","512,20","513,06","510,80","64,27M","0,42%"
"07.07.2017","509,92","509,52","509,92","508,06","82,85M","-0,00%"
"06.07.2017","509,94","511,58","511,84","506,27","97,17M","-0,28%"
"05.07.2017","511,35","511,94","512,74","510,11","79,44M","-0,07%"
"04.07.2017","511,73","511,06","513,70","510,43","63,18M","-0,27%"
"03.07.2017","513,12","509,54","513,77","509,54","84,77M","1,18%"
"30.06.2017","507,15","508,72","512,34","506,91","110,06M","-0,27%"
"29.06.2017","508,53","518,50","519,33","507,52","137,18M","-1,52%"
"28.06.2017","516,39","515,00","518,21","512,10","184,97M","-0,45%"
"27.06.2017","518,73","520,35","521,50","516,93","103,22M","-0,36%"
"26.06.2017","520,62","521,76","524,17","520,59","80,66M","0,22%"
"23.06.2017","519,50","518,32","519,62","516,10","101,31M","0,02%"
"22.06.2017","519,39","519,36","519,42","515,93","94,72M","-0,21%"
"21.06.2017","520,48","519,60","520,94","515,33","93,45M","-0,08%"
"20.06.2017","520,88","528,05","528,54","520,88","93,27M","-0,95%"
"19.06.2017","525,87","524,65","527,42","524,59","96,55M","1,00%"
"16.06.2017","520,67","520,20","522,00","518,28","168,06M","0,37%"
"15.06.2017","518,75","521,07","521,17","515,84","120,57M","-0,57%"
"14.06.2017","521,71","524,84","528,06","521,71","108,22M","-0,32%"
"13.06.2017","523,39","523,38","524,38","522,20","71,52M","0,29%"
"12.06.2017","521,89","525,21","525,40","521,43","83,62M","-1,03%"
"09.06.2017","527,30","524,56","527,82","523,49","85,47M","0,72%"
"08.06.2017","523,55","523,57","525,89","523,22","83,91M","0,09%"
"07.06.2017","523,10","521,71","527,38","520,59","80,48M","0,27%"
"06.06.2017","521,71","523,06","523,53","520,97","74,99M","-0,52%"
"05.06.2017","524,44","526,43","526,65","523,79","51,68M","-0,44%"
"02.06.2017","526,74","529,62","531,61","525,92","96,03M","-0,06%"
"01.06.2017","527,03","524,11","527,96","523,46","92,95M","0,56%"
"31.05.2017","524,07","525,60","527,62","524,07","118,87M","-0,31%"
"30.05.2017","525,71","525,55","527,37","524,12","75,44M","-0,38%"
"29.05.2017","527,73","526,99","527,78","526,37","36,29M","-0,06%"
"26.05.2017","528,03","526,74","528,21","525,00","77,51M","0,11%"
"25.05.2017","527,46","528,88","529,28","525,09","66,69M","-0,08%"
"24.05.2017","527,87","528,04","529,04","527,11","69,73M","-0,06%"
"23.05.2017","528,17","526,63","529,45","525,87","86,37M","0,06%"
"22.05.2017","527,85","528,49","528,89","526,89","106,65M","0,18%"
"19.05.2017","526,92","525,90","527,48","524,47","94,42M","0,46%"
"18.05.2017","524,52","527,07","527,57","519,48","136,23M","-0,86%"
"17.05.2017","529,06","532,81","535,13","527,64","131,40M","-1,25%"
"16.05.2017","535,76","535,18","536,34","534,11","99,99M","0,07%"
"15.05.2017","535,41","535,35","536,12","533,92","109,63M","0,13%"
"12.05.2017","534,71","534,64","534,87","533,13","185,31M","0,09%"
"11.05.2017","534,24","536,78","537,23","532,50","157,54M","-0,27%"
"10.05.2017","535,66","535,27","535,86","534,18","118,36M","-0,11%"
"09.05.2017","536,26","535,32","537,84","535,32","103,74M","0,36%"
"08.05.2017","534,31","534,08","535,05","531,79","116,81M","0,20%"
"05.05.2017","533,27","527,00","533,27","526,62","124,78M","0,91%"
"04.05.2017","528,44","527,53","528,76","525,77","130,96M","0,62%"
"03.05.2017","525,20","524,61","525,20","523,86","89,51M","-0,05%"
"02.05.2017","525,48","522,40","525,82","521,79","110,17M","0,83%"
"28.04.2017","521,13","520,56","522,19","520,08","129,39M","-0,15%"
"27.04.2017","521,89","522,41","522,47","520,97","111,26M","-0,49%"
"26.04.2017","524,46","523,88","524,92","522,54","125,00M","0,08%"
"25.04.2017","524,05","525,61","526,25","523,52","116,47M","0,06%"
"24.04.2017","523,73","522,21","525,02","520,99","174,29M","2,25%"
"21.04.2017","512,19","512,70","513,62","510,13","135,63M","0,09%"
"20.04.2017","511,72","510,17","513,99","509,40","102,97M","0,09%"
"19.04.2017","511,28","511,40","514,39","509,76","125,76M","0,30%"
"18.04.2017","509,73","515,55","516,09","509,52","128,95M","-1,17%"
"13.04.2017","515,77","516,33","516,88","514,71","77,37M","-0,39%"
"12.04.2017","517,81","519,34","521,48","517,52","100,91M","-0,11%"
"11.04.2017","518,40","517,60","520,31","515,71","94,58M","-0,15%"
"10.04.2017","519,16","519,51","519,76","516,98","68,16M","0,09%"
"07.04.2017","518,70","515,58","518,70","514,22","90,12M","0,46%"
"06.04.2017","516,30","511,48","516,56","510,86","86,79M","0,27%"
"05.04.2017","514,89","515,07","517,37","514,56","87,11M","0,16%"
"04.04.2017","514,05","513,46","514,38","512,12","80,28M","0,12%"
"03.04.2017","513,45","517,52","518,32","513,25","86,48M","-0,60%"
"31.03.2017","516,54","514,60","516,54","513,76","97,59M","0,16%"
"30.03.2017","515,73","513,71","515,73","513,09","76,82M","0,42%"
"29.03.2017","513,58","513,82","514,70","511,67","89,47M","0,28%"
"28.03.2017","512,15","510,90","512,15","508,89","75,55M","0,56%"
"27.03.2017","509,32","506,65","509,56","506,23","104,69M","-0,43%"
"24.03.2017","511,53","512,50","512,80","510,41","95,79M","-0,21%"
"23.03.2017","512,62","509,57","512,98","508,13","99,44M","0,61%"
"22.03.2017","509,52","510,81","511,20","506,39","136,75M","-0,79%"
"21.03.2017","513,59","517,15","518,88","512,43","97,82M","-0,29%"
"20.03.2017","515,09","514,76","516,54","514,62","64,85M","-0,22%"
"17.03.2017","516,24","513,37","516,90","512,97","141,30M","0,33%"
"16.03.2017","514,53","516,11","516,11","513,27","115,41M","0,56%"
"15.03.2017","511,66","511,49","513,25","511,11","87,56M","0,31%"
"14.03.2017","510,06","512,35","512,35","508,67","94,69M","-0,36%"
"13.03.2017","511,90","511,62","513,09","510,63","80,01M","0,15%"
"10.03.2017","511,14","510,17","514,04","509,45","113,28M","0,67%"
"09.03.2017","507,74","504,53","508,19","503,93","130,40M","0,98%"
"08.03.2017","502,80","502,34","503,75","501,00","86,56M","-0,03%"
"07.03.2017","502,95","503,90","504,96","502,35","66,98M","-0,14%"
"06.03.2017","503,65","503,81","503,97","501,46","71,66M","-0,44%"
"03.03.2017","505,86","502,35","506,04","501,98","115,37M","0,41%"
"02.03.2017","503,79","505,37","505,37","502,44","90,74M","-0,25%"
"01.03.2017","505,04","499,14","505,50","498,94","111,00M","1,96%"
"28.02.2017","495,35","496,23","496,57","491,87","94,08M","0,11%"
"27.02.2017","494,81","496,60","497,25","494,06","78,04M","-0,02%"
"24.02.2017","494,90","497,29","497,62","491,19","120,52M","-0,55%"
"23.02.2017","497,63","498,92","500,58","497,06","97,13M","-0,30%"
"22.02.2017","499,11","499,61","500,94","496,94","100,91M","0,11%"
"21.02.2017","498,57","495,22","499,13","494,52","80,91M","0,59%"
"20.02.2017","495,66","496,67","497,29","494,22","73,94M","-0,69%"
"17.02.2017","499,08","493,12","499,08","489,80","148,71M","1,03%"
"16.02.2017","493,98","494,82","495,84","492,93","93,22M","-0,54%"
"15.02.2017","496,66","496,46","497,14","494,61","92,16M","0,41%"
"14.02.2017","494,62","494,74","495,04","493,29","81,52M","0,12%"
"13.02.2017","494,05","491,31","495,18","490,99","96,08M","0,92%"
"10.02.2017","489,56","490,67","490,86","487,93","125,32M","0,22%"
"09.02.2017","488,50","484,62","489,12","484,57","105,67M","1,03%"
"08.02.2017","483,51","485,86","485,86","480,23","98,47M","-0,16%"
"07.02.2017","484,28","481,70","485,99","481,70","73,47M","0,46%"
"06.02.2017","482,08","486,58","487,30","481,95","77,90M","-0,79%"
"03.02.2017","485,92","483,38","487,26","482,36","102,20M","0,77%"
"02.02.2017","482,19","480,23","484,23","479,58","120,64M","0,53%"
"01.02.2017","479,65","480,19","482,50","479,38","107,42M","0,62%"
"31.01.2017","476,71","479,97","482,85","476,71","95,87M","-0,59%"
"30.01.2017","479,53","484,42","485,42","478,12","83,54M","-1,30%"
"27.01.2017","485,87","486,39","486,60","484,43","75,90M","-0,12%"
"26.01.2017","486,45","488,29","488,65","485,18","98,19M","-0,32%"
"25.01.2017","488,03","486,36","489,08","485,65","106,96M","1,03%"
"24.01.2017","483,05","482,94","483,93","482,06","92,86M","0,07%"
"23.01.2017","482,71","483,89","485,45","481,30","73,79M","-0,67%"
"20.01.2017","485,98","484,56","487,96","483,38","101,24M","0,28%"
"19.01.2017","484,64","486,57","486,59","482,69","83,61M","-0,02%"
"18.01.2017","484,75","484,73","485,44","481,87","82,48M","0,62%"
"17.01.2017","481,77","482,34","484,06","480,53","70,41M","-0,49%"
"16.01.2017","484,13","485,22","486,17","484,07","56,27M","-0,81%"
"13.01.2017","488,09","485,68","488,11","484,85","70,82M","1,04%"
"12.01.2017","483,09","485,17","486,48","482,41","87,63M","-0,72%"
"11.01.2017","486,58","484,41","488,86","482,90","89,47M","0,38%"
"10.01.2017","484,74","485,26","486,23","483,02","96,93M","-0,07%"
"09.01.2017","485,10","487,75","487,75","484,02","69,30M","-0,39%"
"06.01.2017","487,00","486,59","487,34","485,06","59,14M","0,01%"
"05.01.2017","486,93","486,50","488,32","485,78","83,51M","-0,13%"
"04.01.2017","487,58","489,68","489,68","486,51","84,09M","-0,08%"
"03.01.2017","487,99","488,07","489,91","487,31","82,17M","0,33%"
"02.01.2017","486,37","481,16","487,10","481,01","36,88M","0,66%"
"30.12.2016","483,17","482,21","483,54","480,54","45,99M","0,15%"
"29.12.2016","482,46","481,69","483,08","481,48","47,95M","-0,36%"
"28.12.2016","484,20","483,43","484,20","482,99","47,08M","0,13%"
"27.12.2016","483,58","483,12","484,10","482,82","31,03M","0,15%"
"23.12.2016","482,86","483,00","483,67","482,27","43,18M","0,08%"
"22.12.2016","482,47","481,91","482,93","481,24","55,99M","-0,15%"
"21.12.2016","483,21","483,21","484,21","481,71","65,11M","-0,17%"
"20.12.2016","484,04","480,75","484,16","480,42","80,49M","0,77%"
"19.12.2016","480,35","477,76","480,41","477,76","90,38M","0,55%"
"16.12.2016","477,70","476,58","479,73","475,54","157,43M","0,25%"
"15.12.2016","476,52","473,52","477,17","473,18","140,68M","0,91%"
"14.12.2016","472,20","472,55","473,88","472,20","100,62M","-0,31%"
"13.12.2016","473,65","470,69","474,33","470,01","109,57M","0,70%"
"12.12.2016","470,38","470,84","472,21","469,07","102,81M","0,13%"
"09.12.2016","469,77","467,04","470,45","466,95","113,90M","0,66%"
"08.12.2016","466,67","463,44","467,39","462,03","154,31M","0,99%"
"07.12.2016","462,11","462,80","463,23","460,73","131,50M","0,61%"
"06.12.2016","459,31","455,10","459,82","453,64","114,43M","1,06%"
"05.12.2016","454,47","447,59","457,91","447,43","124,38M","1,08%"
"02.12.2016","449,60","450,06","450,74","445,65","108,17M","-0,88%"
"01.12.2016","453,60","455,89","457,36","452,30","122,20M","-0,79%"
"30.11.2016","457,21","452,30","458,91","451,36","154,32M","1,04%"
"29.11.2016","452,50","451,26","453,34","449,51","87,21M","-0,05%"
"28.11.2016","452,71","455,90","456,57","451,51","78,99M","-1,15%"
"25.11.2016","457,99","458,05","458,41","455,86","60,71M","0,12%"
"24.11.2016","457,44","457,86","458,51","455,62","61,94M","0,23%"
"23.11.2016","456,41","457,84","459,06","454,74","114,42M","0,00%"
"22.11.2016","456,40","456,72","458,45","455,99","138,91M","0,74%"
"21.11.2016","453,03","452,67","454,13","448,42","93,76M","0,52%"
"18.11.2016","450,68","453,15","453,78","449,05","106,45M","-0,25%"
"17.11.2016","451,82","448,46","451,83","447,27","111,41M","0,48%"
"16.11.2016","449,66","452,38","453,05","447,29","108,31M","-0,20%"
"15.11.2016","450,54","449,22","451,52","448,66","115,57M","0,85%"
"14.11.2016","446,76","449,57","451,57","445,79","135,58M","0,30%"
"11.11.2016","445,41","452,61","453,28","444,20","131,28M","-1,02%"
"10.11.2016","450,01","456,76","459,57","447,86","208,44M","-0,96%"
"09.11.2016","454,36","437,21","454,42","436,28","212,44M","0,93%"
"08.11.2016","450,18","447,67","450,79","446,88","101,35M","0,44%"
"07.11.2016","448,22","445,99","448,22","445,35","81,02M","1,75%"
"04.11.2016","440,51","440,43","441,68","438,19","96,44M","-0,41%"
"03.11.2016","442,31","445,22","447,42","442,31","97,63M","-0,33%"
"02.11.2016","443,77","447,00","447,00","443,48","105,11M","-1,32%"
"01.11.2016","449,71","456,32","457,54","449,40","93,95M","-0,64%"
"31.10.2016","452,59","453,25","454,67","451,42","87,00M","-0,61%"
"28.10.2016","455,38","450,75","455,87","449,21","93,44M","-0,07%"
"27.10.2016","455,71","454,91","459,27","453,47","110,79M","-0,02%"
"26.10.2016","455,82","457,76","458,12","453,13","94,09M","-0,76%"
"25.10.2016","459,29","460,68","462,06","458,53","93,19M","-0,10%"
"24.10.2016","459,75","459,63","463,03","459,36","84,32M","0,51%"
"21.10.2016","457,40","457,07","458,61","455,02","106,09M","0,29%"
"20.10.2016","456,06","455,40","457,18","452,36","94,50M","0,30%"
"19.10.2016","454,68","454,11","455,55","452,36","84,77M","0,34%"
"18.10.2016","453,13","450,67","454,42","450,53","89,69M","1,14%"
"17.10.2016","448,04","448,85","450,73","446,90","71,36M","-0,55%"
"14.10.2016","450,50","446,68","453,37","446,41","96,82M","1,19%"
"13.10.2016","445,20","447,32","447,32","442,72","120,74M","-1,21%"
"12.10.2016","450,66","451,61","452,73","450,13","89,19M","-0,13%"
"11.10.2016","451,25","454,11","456,94","450,91","87,83M","-0,88%"
"10.10.2016","455,24","450,71","455,58","448,83","86,10M","1,15%"
"07.10.2016","450,06","455,64","455,64","449,95","125,66M","-1,05%"
"06.10.2016","454,82","457,47","457,57","454,64","107,45M","-0,27%"
"05.10.2016","456,06","454,60","456,66","452,10","109,05M","-0,49%"
"04.10.2016","458,32","453,49","460,08","453,17","98,46M","1,18%"
"03.10.2016","452,99","452,55","454,71","451,42","61,35M","0,15%"
"30.09.2016","452,33","446,38","453,65","442,71","129,84M","0,17%"
"29.09.2016","451,55","456,04","456,75","450,69","92,96M","0,28%"
"28.09.2016","450,27","448,82","453,32","448,82","77,14M","0,54%"
"27.09.2016","447,83","450,84","451,10","444,14","85,65M","-0,01%"
"26.09.2016","447,87","451,51","451,62","446,86","81,79M","-1,45%"
"23.09.2016","454,48","454,29","455,61","453,53","83,22M","-0,23%"
"22.09.2016","455,51","450,79","457,88","450,48","107,10M","1,78%"
"21.09.2016","447,53","448,65","450,15","446,88","88,86M","0,69%"
"20.09.2016","444,45","443,78","446,52","443,22","71,19M","-0,06%"
"19.09.2016","444,70","442,64","445,49","442,31","72,69M","1,28%"
"16.09.2016","439,07","442,34","443,72","437,62","202,08M","-0,93%"
"15.09.2016","443,20","440,56","443,42","439,93","85,80M","0,49%"
"14.09.2016","441,03","444,57","444,88","440,60","101,30M","-0,36%"
"13.09.2016","442,61","449,79","450,14","442,35","85,82M","-1,11%"
"12.09.2016","447,60","445,83","447,60","442,84","93,97M","-1,17%"
"09.09.2016","452,88","457,78","458,81","451,54","91,84M","-1,44%"
"08.09.2016","459,50","461,99","462,37","455,05","98,27M","-0,81%"
"07.09.2016","463,27","462,03","463,76","461,41","77,00M","0,47%"
"06.09.2016","461,11","465,05","465,11","460,50","81,65M","-0,65%"
"05.09.2016","464,13","465,21","466,17","463,44","82,23M","0,11%"
"02.09.2016","463,60","455,31","464,47","454,25","118,00M","2,14%"
"01.09.2016","453,87","455,72","458,68","452,50","104,88M","-0,11%"
"31.08.2016","454,38","455,56","457,92","454,22","108,51M","-0,32%"
"30.08.2016","455,82","453,73","457,70","453,37","75,51M","0,81%"
"29.08.2016","452,15","451,29","452,72","448,55","44,75M","-0,19%"
"26.08.2016","453,01","449,45","453,71","448,43","67,49M","0,68%"
"25.08.2016","449,94","450,43","450,91","447,96","75,19M","-0,49%"
"24.08.2016","452,17","449,67","454,17","448,46","69,96M","-0,00%"
"23.08.2016","452,18","449,42","453,34","449,21","70,54M","1,02%"
"22.08.2016","447,63","448,04","451,92","446,12","72,13M","-0,24%"
"19.08.2016","448,72","450,91","451,18","446,92","82,47M","-0,66%"
"18.08.2016","451,69","451,13","451,74","450,09","76,62M","0,92%"
"17.08.2016","447,57","451,03","451,55","446,35","76,68M","-0,85%"
"16.08.2016","451,40","452,49","454,44","450,91","81,25M","-0,68%"
"15.08.2016","454,51","454,88","456,44","453,99","51,86M","0,09%"
"12.08.2016","454,09","455,03","456,29","453,60","67,90M","-0,31%"
"11.08.2016","455,50","452,57","455,50","449,62","81,58M","0,77%"
"10.08.2016","452,01","452,09","453,94","451,47","78,46M","-0,39%"
"09.08.2016","453,80","449,18","453,95","449,13","78,06M","1,05%"
"08.08.2016","449,07","448,71","450,30","447,96","74,70M","0,21%"
"05.08.2016","448,12","444,47","449,49","444,29","91,90M","0,82%"
"04.08.2016","444,47","441,97","446,03","441,42","104,58M","0,93%"
"03.08.2016","440,36","440,64","441,67","437,85","119,44M","0,40%"
"02.08.2016","438,61","443,22","444,15","437,85","114,14M","-1,43%"
"01.08.2016","444,97","451,45","451,67","444,08","96,25M","-1,08%"
"29.07.2016","449,83","449,16","450,16","446,78","127,59M","0,45%"
"28.07.2016","447,82","451,26","453,41","447,82","113,93M","-1,14%"
"27.07.2016","452,98","455,38","456,78","452,61","113,71M","-0,24%"
"26.07.2016","454,06","452,42","454,79","450,29","89,07M","0,27%"
"25.07.2016","452,84","453,56","456,37","451,50","85,50M","-0,11%"
"22.07.2016","453,35","451,22","453,82","449,30","78,50M","0,31%"
"21.07.2016","451,97","453,69","454,49","448,85","93,89M","-0,05%"
"20.07.2016","452,18","450,57","453,46","448,36","87,01M","0,97%"
"19.07.2016","447,85","447,59","448,47","444,32","87,39M","-0,10%"
"18.07.2016","448,32","447,69","450,80","446,19","82,50M","0,18%"
"15.07.2016","447,51","447,13","448,70","444,93","94,43M","-0,15%"
"14.07.2016","448,19","448,31","451,08","447,02","101,43M","0,84%"
"13.07.2016","444,45","444,70","447,76","444,45","119,33M","-0,22%"
"12.07.2016","445,44","441,13","446,16","441,12","122,17M","1,06%"
"11.07.2016","440,75","437,96","441,21","435,08","97,38M","1,61%"
"08.07.2016","433,77","425,43","434,60","424,30","109,24M","1,75%"
"07.07.2016","426,33","424,67","429,17","424,67","88,41M","0,98%"
"06.07.2016","422,18","427,38","430,46","419,45","128,89M","-1,91%"
"05.07.2016","430,41","431,95","433,94","429,00","109,95M","-1,08%"
"04.07.2016","435,12","440,23","440,43","434,19","75,67M","-0,85%"
"01.07.2016","438,85","438,36","440,30","434,06","108,99M","0,68%"
"30.06.2016","435,88","429,58","436,63","427,76","137,01M","1,35%"
"29.06.2016","430,08","422,88","430,08","422,43","130,78M","3,01%"
"28.06.2016","417,51","420,23","421,64","416,97","148,23M","1,43%"
"27.06.2016","411,62","419,21","422,77","410,21","203,95M","-2,97%"
"24.06.2016","424,20","420,56","432,59","409,23","322,84M","-5,70%"
"23.06.2016","449,86","443,64","453,30","442,98","115,24M","1,95%"
"22.06.2016","441,25","443,23","444,51","439,94","82,47M","0,20%"
"21.06.2016","440,39","436,01","442,03","434,90","93,00M","0,89%"
"20.06.2016","436,50","432,20","437,92","431,89","111,37M","3,49%"
"17.06.2016","421,77","421,56","423,79","419,64","210,26M","0,78%"
"16.06.2016","418,51","415,16","419,40","414,51","107,26M","-0,25%"
"15.06.2016","419,55","422,80","424,20","419,55","114,66M","0,11%"
"14.06.2016","419,08","422,79","424,47","418,77","118,15M","-2,13%"
"13.06.2016","428,20","430,86","432,30","427,69","101,08M","-1,74%"
"10.06.2016","435,77","444,75","444,77","435,63","96,38M","-2,32%"
"09.06.2016","446,10","449,31","449,34","444,60","79,05M","-0,90%"
"08.06.2016","450,15","450,10","451,25","448,88","81,73M","-0,32%"
"07.06.2016","451,58","447,96","452,18","447,75","90,29M","1,15%"
"06.06.2016","446,44","445,18","447,96","445,18","62,35M","0,25%"
"03.06.2016","445,31","449,53","452,08","443,13","87,14M","-0,51%"
"02.06.2016","447,59","447,39","449,83","446,44","89,29M","0,18%"
"01.06.2016","446,78","447,14","448,42","444,14","92,66M","-0,24%"
"31.05.2016","447,87","452,42","453,07","447,31","143,49M","-0,87%"
"30.05.2016","451,79","451,72","451,84","449,35","34,97M","0,19%"
"27.05.2016","450,94","448,31","450,94","448,13","78,31M","0,41%"
"26.05.2016","449,09","446,60","449,48","446,60","101,67M","0,42%"
"25.05.2016","447,22","445,21","448,55","444,08","94,58M","1,26%"
"24.05.2016","441,66","431,71","443,06","430,54","93,36M","2,10%"
"23.05.2016","432,57","434,17","435,75","430,47","75,90M","-0,41%"
"20.05.2016","434,36","432,31","434,52","432,02","86,05M","1,42%"
"19.05.2016","428,27","432,26","432,26","427,20","107,31M","-1,42%"
"18.05.2016","434,46","429,58","434,53","429,14","97,36M","0,50%"
"17.05.2016","432,30","436,34","438,33","430,79","99,70M","-0,33%"
"16.05.2016","433,74","429,77","434,25","428,28","60,03M","0,05%"
"13.05.2016","433,52","428,35","433,86","426,95","101,99M","0,61%"
"12.05.2016","430,89","432,01","438,04","430,36","110,39M","-0,88%"
"11.05.2016","434,71","435,43","435,71","431,36","95,10M","-0,36%"
"10.05.2016","436,27","434,83","440,05","433,89","109,70M","1,09%"
"09.05.2016","431,58","434,19","436,76","430,89","110,43M","0,06%"
"06.05.2016","431,32","428,99","431,84","425,78","107,65M","0,02%"
"05.05.2016","431,24","430,47","432,53","428,99","76,01M","0,54%"
"04.05.2016","428,92","433,47","434,36","428,32","107,65M","-1,02%"
"03.05.2016","433,34","439,89","439,89","431,06","108,22M","-1,78%"
"02.05.2016","441,20","441,03","441,60","438,91","56,21M","0,35%"
"29.04.2016","439,68","446,07","446,42","439,27","120,54M","-2,36%"
"28.04.2016","450,31","445,56","450,83","442,13","94,79M","0,43%"
"27.04.2016","448,37","445,29","448,82","445,29","97,67M","0,16%"
"26.04.2016","447,64","449,03","451,01","446,47","95,59M","0,19%"
"25.04.2016","446,77","450,76","451,24","445,61","99,68M","-1,06%"
"22.04.2016","451,54","452,71","452,89","449,62","96,55M","-0,43%"
"21.04.2016","453,47","456,94","458,02","451,29","126,85M","-0,60%"
"20.04.2016","456,20","455,48","457,43","454,15","119,76M","-0,06%"
"19.04.2016","456,46","452,29","456,89","452,04","112,88M","1,25%"
"18.04.2016","450,81","444,77","451,58","444,12","92,53M","0,05%"
"15.04.2016","450,59","449,88","451,45","448,89","120,28M","-0,10%"
"14.04.2016","451,04","449,90","452,23","448,77","120,64M","0,21%"
"13.04.2016","450,09","444,13","450,09","444,13","150,99M","2,41%"
"12.04.2016","439,50","438,10","439,97","434,05","108,31M","0,67%"
"11.04.2016","436,56","433,74","438,44","430,82","104,93M","0,55%"
"08.04.2016","434,16","430,39","434,63","430,39","97,18M","1,27%"
"07.04.2016","428,73","432,20","433,94","427,96","85,30M","-0,53%"
"06.04.2016","431,01","429,99","431,08","427,77","85,86M","0,50%"
"05.04.2016","428,85","430,28","430,96","426,75","107,61M","-1,66%"
"04.04.2016","436,08","433,19","439,95","430,84","92,06M","0,37%"
"01.04.2016","434,48","434,86","434,91","428,51","127,50M","-1,28%"
"31.03.2016","440,11","444,05","444,05","439,58","98,35M","-1,37%"
"30.03.2016","446,24","442,28","448,82","442,28","93,33M","1,33%"
"29.03.2016","440,37","439,88","442,82","438,00","76,11M","0,66%"
"24.03.2016","437,49","439,95","440,98","435,85","101,31M","-1,32%"
"23.03.2016","443,36","443,46","445,59","440,94","92,05M","0,05%"
"22.03.2016","443,12","441,89","443,12","437,05","100,85M","-0,16%"
"21.03.2016","443,83","441,77","446,98","441,06","86,35M","-0,22%"
"18.03.2016","444,79","445,76","446,35","442,05","170,64M","0,16%"
"17.03.2016","444,06","447,25","447,35","435,73","148,02M","0,05%"
"16.03.2016","443,83","443,70","445,39","440,64","113,53M","0,41%"
"15.03.2016","442,00","441,64","443,19","439,57","113,62M","-0,47%"
"14.03.2016","444,08","444,52","447,03","441,98","121,54M","0,53%"
"11.03.2016","441,75","437,96","442,99","436,80","132,99M","2,69%"
"10.03.2016","430,18","436,75","449,62","430,18","174,27M","-1,24%"
"09.03.2016","435,56","433,66","438,16","433,07","105,76M","0,62%"
"08.03.2016","432,89","433,36","436,18","429,88","101,37M","-0,71%"
"07.03.2016","436,00","437,02","438,62","433,04","120,13M","-0,45%"
"04.03.2016","437,99","436,31","440,74","434,89","122,93M","0,93%"
"03.03.2016","433,95","437,88","437,88","431,98","120,19M","-0,54%"
"02.03.2016","436,31","439,60","439,81","432,34","120,93M","-0,11%"
"01.03.2016","436,81","426,79","436,81","425,83","129,33M","2,23%"
"29.02.2016","427,27","419,39","427,81","418,06","115,79M","1,09%"
"26.02.2016","422,66","420,40","425,81","419,64","114,83M","1,75%"
"25.02.2016","415,38","413,89","418,95","411,61","102,57M","1,93%"
"24.02.2016","407,52","414,86","415,37","405,60","113,24M","-1,90%"
"23.02.2016","415,43","417,77","420,47","415,42","100,40M","-1,25%"
"22.02.2016","420,69","416,53","421,54","416,53","104,19M","2,12%"
"19.02.2016","411,96","413,77","416,07","408,80","113,26M","-0,44%"
"18.02.2016","413,79","416,41","419,00","412,55","125,03M","-0,23%"
"17.02.2016","414,75","404,70","414,75","403,98","127,64M","2,85%"
"16.02.2016","403,27","407,20","408,15","401,15","118,07M","-0,17%"
"15.02.2016","403,96","400,87","405,56","399,44","114,49M","3,09%"
"12.02.2016","391,86","387,54","391,86","385,24","162,02M","2,42%"
"11.02.2016","382,61","390,63","390,63","378,53","171,28M","-3,05%"
"10.02.2016","394,63","395,17","400,90","391,06","152,58M","0,52%"
"09.02.2016","392,58","401,52","403,62","388,64","199,00M","-2,00%"
"08.02.2016","400,61","415,83","416,47","398,57","164,60M","-3,22%"
"05.02.2016","413,94","417,25","420,45","412,72","171,37M","-0,96%"
"04.02.2016","417,94","422,80","424,53","415,91","178,81M","0,42%"
"03.02.2016","416,21","419,82","422,70","411,32","154,63M","-1,06%"
"02.02.2016","420,65","428,50","428,50","417,77","134,10M","-2,10%"
"01.02.2016","429,68","433,85","433,85","425,61","106,71M","-0,37%"
"29.01.2016","431,28","426,48","431,28","421,99","140,79M","2,66%"
"28.01.2016","420,10","423,50","427,12","416,92","149,40M","-1,02%"
"27.01.2016","424,41","421,39","424,41","416,99","111,13M","0,58%"
"26.01.2016","421,97","411,62","422,74","410,01","142,29M","0,93%"
"25.01.2016","418,07","422,56","422,56","415,66","102,20M","-0,29%"
"22.01.2016","419,28","414,59","422,18","412,88","138,82M","3,15%"
"21.01.2016","406,49","397,52","407,81","396,36","162,84M","2,72%"
"20.01.2016","395,72","399,10","400,65","392,44","149,02M","-2,93%"
"19.01.2016","407,68","410,05","411,95","406,27","113,62M","1,42%"
"18.01.2016","401,99","402,31","407,95","398,71","104,65M","-0,39%"
"15.01.2016","403,57","411,40","414,20","399,88","151,12M","-2,37%"
"14.01.2016","413,38","413,63","416,77","404,58","144,02M","-1,12%"
"13.01.2016","418,05","421,02","425,91","416,29","135,36M","0,39%"
"12.01.2016","416,41","411,30","420,84","410,09","121,13M","1,24%"
"11.01.2016","411,31","410,71","415,87","409,08","110,50M","0,12%"
"08.01.2016","410,82","421,22","423,06","410,82","126,10M","-2,36%"
"07.01.2016","420,76","417,34","423,29","411,97","132,51M","-1,87%"
"06.01.2016","428,76","433,65","433,95","424,64","98,95M","-1,43%"
"05.01.2016","435,00","436,14","436,72","428,69","89,04M","0,76%"
"04.01.2016","431,70","436,97","436,97","427,22","100,63M","-2,29%"
"31.12.2015","441,82","445,89","446,48","441,10","19,31M","-0,98%"
"30.12.2015","446,19","446,50","448,85","445,30","51,49M","-0,34%"
"29.12.2015","447,70","443,16","447,70","443,16","60,36M","1,64%"
"28.12.2015","440,49","445,05","445,57","439,33","42,02M","-0,82%"
"24.12.2015","444,12","443,65","444,12","442,32","16,47M","0,09%"
"23.12.2015","443,72","435,83","445,18","435,79","93,57M","2,96%"
"22.12.2015","430,97","432,12","432,88","425,55","81,64M","0,58%"
"21.12.2015","428,48","433,22","438,44","428,48","82,97M","-1,31%"
"18.12.2015","434,15","434,79","437,30","431,58","152,25M","-1,10%"
"17.12.2015","438,97","442,69","444,67","438,06","117,85M","1,18%"
"16.12.2015","433,83","434,74","436,92","431,33","102,32M","0,05%"
"15.12.2015","433,63","423,80","434,40","423,38","123,69M","3,08%"
"14.12.2015","420,66","430,92","433,90","419,79","114,78M","-1,97%"
"11.12.2015","429,10","436,90","436,90","426,60","118,93M","-2,00%"
"10.12.2015","437,84","439,42","441,16","436,06","104,50M","-0,68%"
"09.12.2015","440,85","442,92","445,02","437,78","134,51M","-0,17%"
"08.12.2015","441,61","447,44","448,19","439,12","122,41M","-1,53%"
"07.12.2015","448,46","450,38","454,22","447,47","93,65M","0,34%"
"04.12.2015","446,93","448,60","449,43","443,70","129,22M","-0,66%"
"03.12.2015","449,92","466,64","471,66","449,92","180,06M","-3,67%"
"02.12.2015","467,06","468,43","470,11","466,48","117,25M","-0,06%"
"01.12.2015","467,32","471,22","471,96","465,35","90,78M","-0,47%"
"30.11.2015","469,52","470,92","473,23","469,23","136,36M","-0,56%"
"27.11.2015","472,17","470,34","474,87","469,16","77,02M","-0,01%"
"26.11.2015","472,24","468,32","472,49","467,61","84,82M","0,89%"
"25.11.2015","468,07","462,42","469,44","461,08","101,81M","1,47%"
"24.11.2015","461,29","463,76","463,76","455,32","99,15M","-1,05%"
"23.11.2015","466,18","467,96","467,96","463,49","83,66M","-0,54%"
"20.11.2015","468,69","470,91","470,96","466,34","96,22M","-0,07%"
"19.11.2015","469,00","470,12","472,54","468,37","100,85M","0,66%"
"18.11.2015","465,93","464,09","466,43","462,95","89,37M","-0,13%"
"17.11.2015","466,54","459,66","466,83","458,69","103,40M","2,70%"
"16.11.2015","454,29","448,36","455,84","448,36","90,99M","0,16%"
"13.11.2015","453,55","457,60","459,16","449,61","109,74M","-1,37%"
"12.11.2015","459,85","466,96","470,15","459,24","130,06M","-1,99%"
"11.11.2015","469,20","466,43","472,07","466,41","118,48M","0,86%"
"10.11.2015","465,20","467,13","467,83","461,13","113,17M","0,04%"
"09.11.2015","465,01","470,90","471,99","464,61","91,74M","-1,03%"
"06.11.2015","469,83","466,54","472,49","465,05","116,99M","0,69%"
"05.11.2015","466,60","470,01","471,31","465,58","105,64M","-0,48%"
"04.11.2015","468,84","469,78","473,03","468,56","113,46M","0,43%"
"03.11.2015","466,85","465,59","466,85","464,08","89,33M","0,49%"
"02.11.2015","464,58","457,84","465,57","457,84","82,59M","0,53%"
"30.10.2015","462,12","464,17","464,96","458,27","88,37M","-0,19%"
"29.10.2015","462,99","463,81","464,77","460,26","101,86M","-0,05%"
"28.10.2015","463,21","459,51","464,29","458,73","96,60M","1,04%"
"27.10.2015","458,43","462,59","463,80","458,43","105,92M","-0,96%"
"26.10.2015","462,87","463,49","466,15","461,56","80,47M","-0,47%"
"23.10.2015","465,05","461,90","468,64","460,93","127,56M","1,55%"
"22.10.2015","457,97","448,17","459,11","447,43","115,60M","1,82%"
"21.10.2015","449,78","448,76","451,43","444,84","96,43M","0,56%"
"20.10.2015","447,27","449,09","449,80","444,99","104,26M","-0,45%"
"19.10.2015","449,31","447,38","452,22","447,33","68,72M","0,32%"
"16.10.2015","447,86","446,81","448,34","445,49","99,39M","0,94%"
"15.10.2015","443,70","440,31","445,03","439,08","102,00M","2,16%"
"14.10.2015","434,32","433,57","438,24","431,23","96,16M","-0,90%"
"13.10.2015","438,25","438,99","439,19","433,09","107,05M","-0,41%"
"12.10.2015","440,05","442,57","443,36","438,61","88,11M","-0,36%"
"09.10.2015","441,65","446,54","446,82","440,31","119,47M","-0,10%"
"08.10.2015","442,08","440,39","442,18","438,77","111,49M","0,34%"
"07.10.2015","440,59","443,31","446,47","439,35","151,20M","-0,03%"
"06.10.2015","440,72","437,57","443,26","434,43","105,98M","0,87%"
"05.10.2015","436,90","430,49","438,03","428,98","120,81M","3,39%"
"02.10.2015","422,58","423,18","428,97","415,52","128,78M","0,90%"
"01.10.2015","418,83","426,77","428,11","416,83","139,89M","-0,55%"
"30.09.2015","421,14","419,64","422,96","418,25","108,27M","2,19%"
"29.09.2015","412,11","406,48","414,96","405,01","113,88M","-0,05%"
"28.09.2015","412,32","421,22","422,99","411,28","102,26M","-2,48%"
"25.09.2015","422,80","416,82","425,04","415,99","119,05M","3,16%"
"24.09.2015","409,86","418,75","420,78","406,64","119,92M","-2,21%"
"23.09.2015","419,12","419,51","425,39","417,48","95,20M","-0,20%"
"22.09.2015","419,98","432,73","432,87","419,30","122,39M","-2,96%"
"21.09.2015","432,80","426,68","435,13","426,68","87,21M","1,28%"
"18.09.2015","427,32","434,98","434,98","422,89","183,92M","-2,36%"
"17.09.2015","437,63","440,66","441,57","436,66","81,88M","-0,20%"
"16.09.2015","438,50","435,83","439,11","435,22","85,34M","1,47%"
"15.09.2015","432,15","428,74","434,25","425,27","81,20M","1,00%"
"14.09.2015","427,88","430,79","435,55","426,68","85,78M","-0,55%"
"11.09.2015","430,23","437,84","437,84","429,68","88,29M","-1,37%"
"10.09.2015","436,21","439,80","443,19","433,75","153,67M","-1,81%"
"09.09.2015","444,26","449,49","451,41","443,90","98,16M","1,09%"
"08.09.2015","439,48","438,08","445,35","437,60","79,09M","0,91%"
"07.09.2015","435,50","437,17","439,34","434,32","55,52M","0,59%"
"04.09.2015","432,94","440,80","440,86","430,46","109,39M","-2,61%"
"03.09.2015","444,55","438,52","447,98","437,35","102,95M","2,53%"
"02.09.2015","433,56","434,63","438,26","429,68","91,88M","0,01%"
"01.09.2015","433,53","439,95","441,55","430,03","109,18M","-2,58%"
"31.08.2015","445,03","442,39","446,03","440,39","74,76M","-0,21%"
"28.08.2015","445,96","445,29","446,06","440,40","97,24M","0,59%"
"27.08.2015","443,36","440,21","445,85","437,20","126,40M","3,41%"
"26.08.2015","428,73","430,46","438,85","422,76","141,06M","-1,82%"
"25.08.2015","436,68","425,66","440,73","423,16","184,96M","4,05%"
"24.08.2015","419,68","427,22","431,75","401,87","268,39M","-5,24%"
"21.08.2015","442,87","451,18","456,84","442,87","148,52M","-3,55%"
"20.08.2015","459,17","468,00","468,80","458,17","100,51M","-2,15%"
"19.08.2015","469,24","476,20","476,87","468,68","75,87M","-2,04%"
"18.08.2015","479,01","474,05","480,85","473,15","76,72M","0,99%"
"17.08.2015","474,30","477,42","479,21","469,40","76,80M","0,09%"
"14.08.2015","473,89","477,05","479,63","471,85","79,05M","-0,65%"
"13.08.2015","476,99","483,56","484,14","475,77","105,53M","-0,09%"
"12.08.2015","477,42","488,41","488,41","475,31","117,19M","-3,43%"
"11.08.2015","494,36","499,32","499,55","493,85","90,36M","-1,14%"
"10.08.2015","500,04","499,24","500,12","492,18","63,35M","0,69%"
"07.08.2015","496,61","499,29","500,09","496,39","69,59M","-0,92%"
"06.08.2015","501,23","501,72","503,22","500,49","66,29M","-0,45%"
"05.08.2015","503,48","501,73","504,00","499,78","105,44M","0,69%"
"04.08.2015","500,02","500,14","500,84","496,98","67,76M","-0,08%"
"03.08.2015","500,43","495,40","501,52","495,40","75,05M","1,05%"
"31.07.2015","495,23","496,31","496,64","491,84","96,36M","0,01%"
"30.07.2015","495,17","493,48","495,56","491,35","89,71M","1,20%"
"29.07.2015","489,29","488,05","490,46","484,92","94,25M","0,72%"
"28.07.2015","485,77","484,73","487,51","482,31","74,75M","0,88%"
"27.07.2015","481,52","488,22","489,09","480,81","84,77M","-1,74%"
"24.07.2015","490,04","494,67","498,59","489,26","75,79M","-1,27%"
"23.07.2015","496,35","501,04","501,04","493,97","68,36M","0,05%"
"22.07.2015","496,12","494,72","498,05","494,50","75,63M","-0,53%"
"21.07.2015","498,76","504,15","504,23","497,97","66,28M","-0,66%"
"20.07.2015","502,08","502,57","506,05","500,52","66,82M","0,33%"
"17.07.2015","500,43","501,54","502,35","499,76","83,80M","-0,12%"
"16.07.2015","501,01","499,65","503,61","498,96","92,17M","0,78%"
"15.07.2015","497,13","494,40","497,49","493,18","74,72M","0,67%"
"14.07.2015","493,84","489,98","493,84","489,30","77,15M","0,80%"
"13.07.2015","489,90","487,03","490,31","485,58","90,27M","1,77%"
"10.07.2015","481,39","480,73","482,75","477,41","105,25M","2,43%"
"09.07.2015","469,97","460,71","471,24","459,58","82,58M","2,38%"
"08.07.2015","459,04","457,78","461,88","454,86","98,65M","0,53%"
"07.07.2015","456,64","468,37","468,37","456,32","115,31M","-2,27%"
"06.07.2015","467,25","465,18","471,72","463,90","95,71M","-1,45%"
"03.07.2015","474,14","476,96","478,06","471,82","64,88M","-0,59%"
"02.07.2015","476,96","482,49","483,38","476,75","81,52M","-1,22%"
"01.07.2015","482,83","477,84","486,33","474,21","119,73M","2,17%"
"30.06.2015","472,58","475,55","480,11","471,32","144,47M","-0,96%"
"29.06.2015","477,15","474,50","483,51","473,53","132,01M","-3,50%"
"26.06.2015","494,47","490,13","496,78","488,27","85,22M","0,42%"
"25.06.2015","492,39","488,91","497,29","488,77","107,53M","-0,05%"
"24.06.2015","492,62","494,76","495,94","490,77","101,58M","-0,37%"
"23.06.2015","494,45","494,28","497,17","492,52","90,00M","0,97%"
"22.06.2015","489,72","485,17","490,15","484,35","115,74M","3,01%"
"19.06.2015","475,43","472,79","479,76","472,44","121,70M","0,52%"
"18.06.2015","472,97","469,59","472,99","464,60","94,45M","0,30%"
"17.06.2015","471,56","476,65","477,40","470,12","82,57M","-0,76%"
"16.06.2015","475,17","469,40","476,73","466,70","99,49M","0,48%"
"15.06.2015","472,89","472,94","475,29","470,91","77,03M","-1,02%"
"12.06.2015","477,76","483,18","483,74","474,01","84,20M","-1,47%"
"11.06.2015","484,88","480,47","489,32","479,60","93,89M","0,71%"
"10.06.2015","481,45","473,90","483,12","471,87","97,22M","1,42%"
"09.06.2015","474,70","473,56","475,10","468,59","100,22M","-0,09%"
"08.06.2015","475,13","479,42","479,43","474,82","75,03M","-0,89%"
"05.06.2015","479,38","481,74","483,03","477,14","100,62M","-1,22%"
"04.06.2015","485,29","485,83","489,40","478,40","109,89M","-0,50%"
"03.06.2015","487,74","487,27","492,77","485,44","98,48M","0,25%"
"02.06.2015","486,50","493,85","493,85","485,59","98,11M","-1,17%"
"01.06.2015","492,25","496,88","498,83","491,36","77,77M","-0,27%"
"29.05.2015","493,56","502,50","503,01","493,49","111,15M","-1,73%"
"28.05.2015","502,24","503,06","504,80","499,86","73,87M","-0,25%"
"27.05.2015","503,52","496,93","504,77","496,68","87,32M","1,44%"
"26.05.2015","496,35","500,09","502,69","495,00","71,14M","-0,96%"
"25.05.2015","501,14","502,69","503,05","498,95","17,66M","-0,15%"
"22.05.2015","501,89","502,10","503,21","500,03","59,76M","-0,03%"
"21.05.2015","502,05","500,75","502,48","499,51","66,67M","0,03%"
"20.05.2015","501,90","499,84","503,02","498,47","104,57M","0,54%"
"19.05.2015","499,18","493,13","499,70","492,94","86,35M","1,84%"
"18.05.2015","490,15","491,13","492,83","484,24","67,49M","-0,16%"
"15.05.2015","490,96","492,38","495,44","489,08","93,06M","0,06%"
"14.05.2015","490,69","484,31","491,94","481,06","81,56M","0,82%"
"13.05.2015","486,69","490,08","492,58","484,85","96,34M","-0,47%"
"12.05.2015","488,97","490,74","490,80","486,02","104,35M","-0,77%"
"11.05.2015","492,75","491,40","493,47","489,41","84,40M","0,40%"
"08.05.2015","490,79","482,38","491,10","481,56","101,06M","2,51%"
"07.05.2015","478,78","474,84","479,89","469,82","127,42M","0,13%"
"06.05.2015","478,15","482,29","483,87","476,96","103,79M","-0,92%"
"05.05.2015","482,61","490,49","495,16","482,32","103,42M","-1,74%"
"04.05.2015","491,17","488,24","493,36","484,55","72,42M","0,68%"
"30.04.2015","487,85","490,03","491,32","484,80","122,22M","-0,29%"
"29.04.2015","489,26","502,25","503,67","488,50","116,07M","-2,47%"
"28.04.2015","501,66","507,79","507,97","498,33","104,56M","-1,49%"
"27.04.2015","509,24","504,45","510,55","499,16","97,41M","1,04%"
"24.04.2015","504,01","504,07","506,21","502,62","107,03M","0,20%"
"23.04.2015","503,00","504,99","506,82","499,27","88,96M","-0,54%"
"22.04.2015","505,72","507,55","508,73","502,35","88,95M","0,38%"
"21.04.2015","503,81","503,41","506,85","501,13","84,04M","0,62%"
"20.04.2015","500,73","497,28","501,41","496,97","87,54M","1,15%"
"17.04.2015","495,03","502,98","503,88","493,28","130,62M","-1,85%"
"16.04.2015","504,38","508,22","509,51","503,85","101,45M","-0,60%"
"15.04.2015","507,43","506,48","510,35","505,28","90,51M","0,31%"
"14.04.2015","505,86","507,63","510,37","503,84","95,60M","-0,55%"
"13.04.2015","508,66","507,50","509,64","505,62","72,25M","0,29%"
"10.04.2015","507,17","504,37","507,19","503,26","77,89M","1,04%"
"09.04.2015","501,97","499,76","501,97","498,54","78,06M","0,97%"
"08.04.2015","497,16","500,61","500,87","496,59","97,09M","-1,17%"
"07.04.2015","503,03","496,05","504,18","495,86","114,51M","2,16%"
"02.04.2015","492,38","491,01","493,14","489,91","74,05M","0,48%"
"01.04.2015","490,04","486,84","494,80","485,83","97,93M","0,13%"
"31.03.2015","489,41","495,12","496,27","487,57","108,30M","-1,07%"
"30.03.2015","494,69","489,53","495,03","488,59","80,55M","1,84%"
"27.03.2015","485,73","488,40","488,60","483,44","111,67M","-0,13%"
"26.03.2015","486,37","486,28","487,48","480,96","110,83M","-1,07%"
"25.03.2015","491,64","497,35","499,68","490,92","96,23M","-1,41%"
"24.03.2015","498,66","495,75","500,44","494,99","81,55M","0,22%"
"23.03.2015","497,55","499,56","499,65","495,32","71,25M","-0,31%"
"20.03.2015","499,12","497,17","500,66","495,45","170,58M","0,63%"
"19.03.2015","496,01","497,08","499,94","494,70","99,86M","-0,12%"
"18.03.2015","496,63","495,44","496,65","492,31","94,90M","0,45%"
"17.03.2015","494,40","498,48","499,30","492,70","99,72M","-0,73%"
"16.03.2015","498,03","493,95","498,66","493,95","82,43M","1,13%"
"13.03.2015","492,48","493,21","493,62","489,32","77,29M","0,17%"
"12.03.2015","491,64","492,59","494,57","490,91","78,83M","-0,06%"
"11.03.2015","491,93","484,18","492,60","484,05","97,00M","1,83%"
"10.03.2015","483,10","486,88","488,51","482,13","96,94M","-1,05%"
"09.03.2015","488,21","487,40","488,21","484,76","89,30M","-0,33%"
"06.03.2015","489,84","488,55","492,36","488,07","110,72M","0,18%"
"05.03.2015","488,96","484,96","489,36","484,83","79,82M","1,11%"
"04.03.2015","483,57","481,22","483,57","478,80","101,37M","0,73%"
"03.03.2015","480,06","486,31","486,79","479,55","98,36M","-1,19%"
"02.03.2015","485,84","484,36","487,01","483,37","85,49M","0,39%"
"27.02.2015","483,93","482,38","483,93","479,93","95,27M","0,30%"
"26.02.2015","482,47","478,79","482,61","477,90","82,25M","0,82%"
"25.02.2015","478,53","479,80","481,09","477,06","84,78M","-0,29%"
"24.02.2015","479,94","476,05","480,60","475,75","94,87M","0,99%"
"23.02.2015","475,22","474,12","475,22","472,50","94,27M","1,14%"
"20.02.2015","469,85","468,98","469,85","466,15","115,01M","0,01%"
"19.02.2015","469,79","466,93","470,45","465,46","106,34M","0,53%"
"18.02.2015","467,32","465,88","467,32","465,28","111,16M","0,84%"
"17.02.2015","463,42","460,18","464,41","457,87","100,29M","0,13%"
"16.02.2015","462,82","465,14","465,37","462,00","80,13M","-0,45%"
"13.02.2015","464,90","462,43","466,06","461,86","135,80M","0,97%"
"12.02.2015","460,43","457,71","463,79","457,71","135,53M","0,47%"
"11.02.2015","458,27","455,65","459,06","454,83","120,71M","0,99%"
"10.02.2015","453,80","451,50","456,03","449,54","110,46M","0,63%"
"09.02.2015","450,96","451,10","451,64","447,24","97,75M","-0,82%"
"06.02.2015","454,69","455,06","456,16","452,96","92,31M","-0,13%"
"05.02.2015","455,30","450,86","455,42","450,14","98,39M","0,09%"
"04.02.2015","454,88","456,42","456,84","450,79","142,30M","-0,21%"
"03.02.2015","455,82","453,24","457,66","452,78","130,57M","1,12%"
"02.02.2015","450,76","450,60","451,91","446,44","104,74M","0,08%"
"30.01.2015","450,39","454,00","454,65","448,90","125,28M","-0,46%"
"29.01.2015","452,47","447,83","453,16","447,83","104,98M","0,04%"
"28.01.2015","452,30","457,03","457,57","450,25","105,38M","-0,48%"
"27.01.2015","454,46","458,34","459,06","451,49","96,89M","-1,02%"
"26.01.2015","459,14","452,62","459,44","452,62","105,83M","1,01%"
"23.01.2015","454,56","451,02","457,10","450,28","154,31M","1,52%"
"22.01.2015","447,77","442,04","449,03","440,41","146,10M","1,51%"
"21.01.2015","441,09","439,99","441,09","435,84","118,57M","0,72%"
"20.01.2015","437,92","435,97","439,39","435,60","110,11M","0,60%"
"19.01.2015","435,31","433,84","436,20","432,03","84,17M","0,54%"
"16.01.2015","432,98","423,37","433,62","422,94","149,96M","1,80%"
"15.01.2015","425,32","422,60","426,62","411,46","146,10M","1,67%"
"14.01.2015","418,33","418,44","425,30","416,87","116,68M","-1,29%"
"13.01.2015","423,79","415,76","424,92","414,82","101,18M","1,29%"
"12.01.2015","418,41","417,05","421,50","413,63","88,79M","0,68%"
"09.01.2015","415,59","422,41","424,23","412,76","96,72M","-1,77%"
"08.01.2015","423,07","416,60","424,14","415,44","104,71M","2,88%"
"07.01.2015","411,21","411,01","413,96","408,60","88,34M","0,68%"
"06.01.2015","408,43","411,67","414,62","406,30","99,16M","-0,61%"
"05.01.2015","410,94","420,06","424,58","410,49","99,10M","-2,69%"
"02.01.2015","422,28","425,89","428,09","420,35","53,35M","-0,52%"
"31.12.2014","424,47","422,84","424,70","422,27","13,50M","0,68%"
"30.12.2014","421,59","425,13","425,13","421,56","40,62M","-1,24%"
"29.12.2014","426,89","427,39","428,32","422,86","47,41M","0,31%"
"24.12.2014","425,57","425,97","427,44","425,33","10,04M","-0,28%"
"23.12.2014","426,77","423,04","426,77","422,64","55,70M","1,23%"
"22.12.2014","421,58","419,76","424,08","419,76","65,07M","0,77%"
"19.12.2014","418,37","420,66","421,35","414,39","148,87M","0,46%"
"18.12.2014","416,44","410,09","416,56","407,97","128,15M","3,22%"
"17.12.2014","403,46","399,16","404,53","397,09","107,62M","-0,08%"
"16.12.2014","403,79","397,66","404,17","389,31","177,48M","1,94%"
"15.12.2014","396,09","405,21","408,89","395,61","106,70M","-2,48%"
"12.12.2014","406,17","413,66","414,35","405,63","100,32M","-2,54%"
"11.12.2014","416,77","415,35","418,52","413,89","82,33M","0,01%"
"10.12.2014","416,71","419,31","421,39","415,64","89,33M","-0,41%"
"09.12.2014","418,43","423,31","424,37","418,16","99,86M","-2,07%"
"08.12.2014","427,27","429,65","430,62","427,27","60,13M","-0,88%"
"05.12.2014","431,06","426,73","431,22","426,69","80,07M","1,74%"
"04.12.2014","423,68","430,25","432,22","422,86","106,43M","-1,15%"
"03.12.2014","428,61","428,53","429,93","428,29","70,38M","0,03%"
"02.12.2014","428,48","424,86","428,84","424,64","88,32M","1,18%"
"01.12.2014","423,47","422,82","424,45","421,61","75,87M","-0,56%"
"28.11.2014","425,86","425,56","426,02","422,97","85,08M","0,03%"
"27.11.2014","425,75","425,09","426,99","425,04","73,93M","0,42%"
"26.11.2014","423,97","424,02","425,48","423,50","60,79M","0,19%"
"25.11.2014","423,18","423,13","425,75","421,66","100,86M","0,06%"
"24.11.2014","422,91","423,61","425,84","422,32","90,75M","-0,13%"
"21.11.2014","423,46","417,89","424,73","417,30","141,68M","1,60%"
"20.11.2014","416,81","417,99","418,33","414,37","87,19M","-0,23%"
"19.11.2014","417,79","416,98","419,44","416,13","75,95M","0,15%"
"18.11.2014","417,16","414,39","417,81","413,81","76,09M","0,75%"
"17.11.2014","414,07","408,83","414,80","408,61","72,97M","0,51%"
"14.11.2014","411,97","412,56","412,56","408,99","75,84M","0,14%"
"13.11.2014","411,41","412,77","413,83","408,87","110,07M","-0,13%"
"12.11.2014","411,93","413,93","415,62","411,14","98,54M","-0,78%"
"11.11.2014","415,18","416,11","417,41","414,05","85,07M","0,05%"
"10.11.2014","414,96","410,77","415,02","410,77","87,45M","0,86%"
"07.11.2014","411,43","414,73","414,97","409,46","92,77M","-0,42%"
"06.11.2014","413,15","409,14","415,74","408,76","123,33M","0,61%"
"05.11.2014","410,66","407,31","411,16","406,04","106,33M","1,70%"
"04.11.2014","403,78","408,49","410,31","403,15","101,76M","-1,29%"
"03.11.2014","409,04","411,28","412,81","408,34","79,09M","-0,55%"
"31.10.2014","411,32","408,73","411,81","407,25","119,20M","1,89%"
"30.10.2014","403,71","404,34","405,01","396,30","113,77M","0,65%"
"29.10.2014","401,10","403,28","403,50","400,40","94,30M","-0,04%"
"28.10.2014","401,26","397,33","401,98","397,33","90,95M","1,57%"
"27.10.2014","395,05","400,21","400,68","392,69","99,77M","-0,27%"
"24.10.2014","396,12","395,84","396,49","393,45","85,38M","-0,19%"
"23.10.2014","396,89","392,37","397,39","389,42","100,39M","0,22%"
"22.10.2014","396,01","395,51","396,17","392,45","100,22M","0,39%"
"21.10.2014","394,49","383,61","394,49","381,56","119,19M","2,62%"
"20.10.2014","384,40","386,31","387,16","380,86","108,54M","-0,69%"
"17.10.2014","387,06","378,47","387,66","376,18","158,55M","2,87%"
"16.10.2014","376,27","381,95","383,89","366,84","216,17M","-0,90%"
"15.10.2014","379,69","393,24","394,28","379,53","159,13M","-3,46%"
"14.10.2014","393,30","391,29","393,97","386,40","108,93M","-0,26%"
"13.10.2014","394,33","391,96","396,51","390,60","100,27M","-0,34%"
"10.10.2014","395,68","399,10","400,31","394,28","119,19M","-1,73%"
"09.10.2014","402,66","407,99","408,20","401,19","101,43M","-0,20%"
"08.10.2014","403,46","404,01","405,40","402,32","90,20M","-0,75%"
"07.10.2014","406,51","411,08","411,08","406,51","73,19M","-1,39%"
"06.10.2014","412,24","413,26","414,40","410,98","68,64M","0,26%"
"03.10.2014","411,19","409,86","412,51","408,85","78,80M","1,22%"
"02.10.2014","406,22","415,31","415,67","406,22","116,02M","-2,54%"
"01.10.2014","416,80","419,68","421,48","415,93","88,38M","-1,03%"
"30.09.2014","421,14","419,26","421,95","418,60","81,31M","0,71%"
"29.09.2014","418,18","418,63","419,45","415,70","65,21M","-0,07%"
"26.09.2014","418,49","417,65","419,41","415,22","74,35M","0,30%"
"25.09.2014","417,25","421,83","422,84","416,57","88,32M","-0,99%"
"24.09.2014","421,42","418,89","421,48","417,23","96,24M","0,62%"
"23.09.2014","418,83","421,88","422,33","417,05","81,59M","-0,76%"
"22.09.2014","422,05","422,93","423,52","421,65","83,65M","-0,87%"
"19.09.2014","425,74","424,77","425,74","422,79","153,64M","0,87%"
"18.09.2014","422,05","418,54","422,18","418,18","77,07M","1,01%"
"17.09.2014","417,84","418,94","419,97","417,79","77,78M","0,11%"
"16.09.2014","417,40","417,81","417,99","415,87","60,54M","-0,06%"
"15.09.2014","417,65","416,71","418,43","415,71","57,98M","-0,04%"
"12.09.2014","417,80","418,65","419,14","417,07","47,74M","-0,05%"
"11.09.2014","418,01","420,24","420,46","416,17","59,24M","-0,22%"
"10.09.2014","418,95","417,22","419,36","416,46","66,63M","0,13%"
"09.09.2014","418,40","419,97","420,60","418,06","66,99M","-0,52%"
"08.09.2014","420,60","421,29","421,29","418,41","57,58M","-0,12%"
"05.09.2014","421,11","421,11","421,77","419,61","81,44M","-0,11%"
"04.09.2014","421,59","416,64","422,77","416,35","100,32M","1,05%"
"03.09.2014","417,21","416,28","418,88","415,89","86,74M","0,53%"
"02.09.2014","415,00","415,00","416,19","413,88","61,13M","0,19%"
"01.09.2014","414,23","413,40","414,23","413,13","48,68M","0,27%"
"29.08.2014","413,13","412,78","413,34","410,08","66,87M","0,24%"
"28.08.2014","412,14","412,28","412,72","410,62","64,86M","-0,25%"
"27.08.2014","413,19","412,37","413,60","412,03","60,58M","0,06%"
"26.08.2014","412,93","409,12","413,02","408,42","70,09M","0,88%"
"25.08.2014","409,32","407,25","409,47","406,35","39,15M","1,20%"
"22.08.2014","404,48","406,39","406,41","402,54","56,29M","-0,32%"
"21.08.2014","405,77","403,37","405,77","402,68","58,32M","0,61%"
"20.08.2014","403,32","403,81","404,81","402,17","51,43M","0,00%"
"19.08.2014","403,31","401,13","403,68","400,83","48,46M","0,85%"
"18.08.2014","399,91","398,53","400,20","398,53","51,16M","1,15%"
"15.08.2014","395,35","396,87","400,53","395,24","84,14M","-0,12%"
"14.08.2014","395,84","394,04","396,80","393,79","69,53M","0,14%"
"13.08.2014","395,27","395,19","396,39","393,93","60,44M","0,27%"
"12.08.2014","394,22","396,34","396,90","393,66","64,56M","-0,61%"
"11.08.2014","396,65","393,39","397,31","392,84","73,85M","1,64%"
"08.08.2014","390,25","390,58","391,78","388,14","107,06M","-1,00%"
"07.08.2014","394,20","396,98","398,66","394,04","99,48M","-0,76%"
"06.08.2014","397,21","396,23","398,10","393,35","95,42M","-0,29%"
"05.08.2014","398,38","397,04","399,13","396,54","79,03M","0,61%"
"04.08.2014","395,95","400,48","400,48","394,74","79,80M","-0,65%"
"01.08.2014","398,56","403,35","404,62","397,25","118,15M","-1,42%"
"31.07.2014","404,29","408,70","409,39","403,42","107,94M","-0,90%"
"30.07.2014","407,96","407,24","410,40","405,77","104,37M","0,16%"
"29.07.2014","407,31","405,89","408,63","403,87","76,71M","0,65%"
"28.07.2014","404,68","405,82","406,22","401,88","70,00M","-0,04%"
"25.07.2014","404,84","408,96","409,83","403,73","62,25M","-1,25%"
"24.07.2014","409,98","407,93","410,30","405,81","68,82M","0,35%"
"23.07.2014","408,53","407,20","409,92","406,46","65,80M","0,14%"
"22.07.2014","407,95","405,82","408,26","405,45","67,15M","1,05%"
"21.07.2014","403,71","404,48","404,60","401,90","66,02M","-0,17%"
"18.07.2014","404,40","403,40","404,49","401,56","85,66M","-0,11%"
"17.07.2014","404,84","407,09","408,51","404,60","77,67M","-0,96%"
"16.07.2014","408,78","404,41","408,78","404,41","73,50M","1,18%"
"15.07.2014","404,01","405,48","406,78","404,01","74,48M","-0,62%"
"14.07.2014","406,55","404,16","407,10","403,78","60,78M","0,73%"
"11.07.2014","403,61","404,22","405,04","402,31","70,49M","0,05%"
"10.07.2014","403,39","409,89","410,07","402,15","108,15M","-1,73%"
"09.07.2014","410,49","410,54","411,15","408,80","69,39M","0,18%"
"08.07.2014","409,76","414,11","414,86","409,76","79,52M","-1,05%"
"07.07.2014","414,12","418,30","418,47","414,12","68,96M","-1,09%"
"04.07.2014","418,70","419,29","419,94","418,70","43,86M","-0,20%"
"03.07.2014","419,53","416,73","419,85","415,95","89,85M","0,88%"
"02.07.2014","415,85","415,58","417,20","415,25","97,99M","0,09%"
"01.07.2014","415,48","413,80","415,69","413,44","57,04M","0,56%"
"30.06.2014","413,15","411,35","413,94","411,15","70,82M","0,56%"
"27.06.2014","410,86","411,33","411,83","410,03","56,79M","0,01%"
"26.06.2014","410,81","412,70","412,74","408,60","72,75M","-0,27%"
"25.06.2014","411,93","413,97","413,97","410,54","73,67M","-0,93%"
"24.06.2014","415,78","416,83","416,97","414,74","53,93M","0,05%"
"23.06.2014","415,59","418,30","418,30","414,87","59,95M","-0,55%"
"20.06.2014","417,90","417,65","419,57","417,14","105,82M","-0,02%"
"19.06.2014","417,98","418,55","419,04","417,45","77,94M","0,60%"
"18.06.2014","415,48","415,22","416,77","414,93","72,86M","0,22%"
"17.06.2014","414,58","414,35","414,83","412,88","75,32M","0,49%"
"16.06.2014","412,54","413,18","414,11","412,24","62,94M","-0,36%"
"13.06.2014","414,05","414,77","414,96","412,25","66,16M","-0,17%"
"12.06.2014","414,74","414,90","415,91","414,04","60,27M","0,07%"
"11.06.2014","414,45","415,13","415,52","412,69","65,34M","-0,34%"
"10.06.2014","415,86","414,94","415,86","414,59","65,82M","0,10%"
"09.06.2014","415,46","413,81","415,46","413,77","49,04M","0,53%"
"06.06.2014","413,26","411,46","413,49","411,04","111,01M","0,56%"
"05.06.2014","410,97","408,06","413,29","406,59","104,93M","0,71%"
"04.06.2014","408,07","407,75","408,85","406,50","64,88M","-0,13%"
"03.06.2014","408,61","408,88","408,95","407,36","55,83M","-0,04%"
"02.06.2014","408,77","408,60","409,29","407,80","54,42M","0,38%"
"30.05.2014","407,21","407,51","408,34","406,59","82,61M","-0,06%"
"29.05.2014","407,44","405,39","407,74","405,39","46,91M","0,37%"
"28.05.2014","405,94","405,95","406,15","404,61","73,62M","-0,21%"
"27.05.2014","406,81","406,70","407,76","406,43","74,81M","-0,02%"
"26.05.2014","406,88","406,10","407,10","405,82","34,39M","0,43%"
"23.05.2014","405,14","404,22","405,59","403,54","57,34M","0,25%"
"22.05.2014","404,14","405,21","405,21","403,03","79,72M","0,31%"
"21.05.2014","402,90","400,04","403,27","398,90","74,14M","0,52%"
"20.05.2014","400,80","401,11","402,05","399,57","75,59M","-0,06%"
"19.05.2014","401,04","399,37","401,28","397,94","80,81M","0,37%"
"16.05.2014","399,56","400,26","400,93","397,71","113,53M","-0,17%"
"15.05.2014","400,25","403,03","404,89","399,07","109,60M","-0,76%"
"14.05.2014","403,33","404,46","404,46","402,75","70,33M","-0,33%"
"13.05.2014","404,65","405,28","405,40","404,06","75,39M","0,22%"
"12.05.2014","403,78","402,40","404,34","401,51","65,48M","0,46%"
"09.05.2014","401,93","401,92","402,38","400,88","73,16M","-0,26%"
"08.05.2014","402,98","399,28","403,17","398,36","87,81M","1,10%"
"07.05.2014","398,59","394,72","399,37","394,72","82,80M","0,52%"
"06.05.2014","396,54","398,26","398,72","395,22","70,54M","-0,23%"
"05.05.2014","397,44","396,87","397,65","392,72","59,80M","-0,45%"
"02.05.2014","399,23","400,05","400,84","398,45","99,03M","-0,33%"
"30.04.2014","400,55","399,65","401,35","399,29","102,54M","0,52%"
"29.04.2014","398,47","394,92","398,51","394,29","69,05M","1,20%"
"28.04.2014","393,73","393,49","395,23","392,19","65,91M","0,22%"
"25.04.2014","392,85","394,86","395,51","391,83","77,42M","-1,07%"
"24.04.2014","397,10","399,07","399,41","393,32","89,72M","-0,06%"
"23.04.2014","397,34","398,04","398,16","396,89","65,20M","-0,24%"
"22.04.2014","398,30","396,13","399,29","395,27","88,48M","0,39%"
"17.04.2014","396,76","396,22","396,91","393,81","86,71M","0,19%"
"16.04.2014","395,99","394,78","395,99","393,11","87,79M","0,85%"
"15.04.2014","392,66","395,64","396,33","392,61","95,44M","-0,73%"
"14.04.2014","395,54","393,93","395,69","391,29","102,36M","-0,03%"
"11.04.2014","395,64","398,59","399,04","394,16","102,78M","-1,56%"
"10.04.2014","401,90","404,86","405,28","401,15","66,70M","-0,37%"
"09.04.2014","403,39","403,13","404,17","402,52","72,09M","0,21%"
"08.04.2014","402,54","404,19","404,61","399,54","113,02M","-0,37%"
"07.04.2014","404,04","404,20","406,22","403,23","69,69M","-0,84%"
"04.04.2014","407,46","406,24","408,42","405,64","79,77M","0,44%"
"03.04.2014","405,69","406,79","406,95","404,73","87,34M","-0,11%"
"02.04.2014","406,14","406,22","406,97","405,66","85,26M","0,13%"
"01.04.2014","405,62","404,83","406,42","403,42","94,12M","0,60%"
"31.03.2014","403,21","403,79","405,09","402,78","90,98M","0,35%"
"28.03.2014","401,79","399,86","401,95","399,56","86,57M","0,80%"
"27.03.2014","398,59","396,07","398,59","395,58","77,74M","0,43%"
"26.03.2014","396,89","394,67","398,09","394,08","89,50M","0,96%"
"25.03.2014","393,13","389,11","393,48","389,11","94,53M","1,26%"
"24.03.2014","388,23","391,82","392,40","387,24","100,77M","-0,80%"
"21.03.2014","391,36","391,72","393,55","390,02","213,25M","0,14%"
"20.03.2014","390,82","386,98","390,82","385,67","115,39M","0,50%"
"19.03.2014","388,88","389,67","390,50","388,01","93,90M","-0,13%"
"18.03.2014","389,37","386,28","391,35","384,14","109,53M","0,63%"
"17.03.2014","386,92","383,43","388,34","382,73","90,99M","1,12%"
"14.03.2014","382,65","383,41","383,89","379,80","151,84M","-0,88%"
"13.03.2014","386,06","392,04","392,04","386,06","99,31M","-1,37%"
"12.03.2014","391,41","391,95","392,54","388,51","95,31M","-0,73%"
"11.03.2014","394,29","394,59","396,34","392,58","84,61M","0,23%"
"10.03.2014","393,40","395,49","399,06","392,01","96,46M","-0,73%"
"07.03.2014","396,28","399,63","400,93","396,00","109,07M","-0,94%"
"06.03.2014","400,06","399,56","400,83","398,58","92,64M","0,36%"
"05.03.2014","398,62","398,38","399,53","397,56","85,47M","-0,03%"
"04.03.2014","398,73","392,46","398,89","392,31","114,86M","2,72%"
"03.03.2014","388,19","392,14","394,00","386,66","146,92M","-2,60%"
"28.02.2014","398,54","398,89","399,77","396,61","86,48M","0,07%"
"27.02.2014","398,28","398,76","400,17","394,84","99,54M","-0,09%"
"26.02.2014","398,64","400,91","401,48","397,32","91,27M","-0,53%"
"25.02.2014","400,77","400,90","401,03","398,58","87,13M","-0,25%"
"24.02.2014","401,76","399,57","401,76","398,80","111,98M","0,35%"
"21.02.2014","400,36","400,22","400,89","399,43","96,99M","0,40%"
"20.02.2014","398,76","397,04","398,76","395,78","116,00M","-0,69%"
"19.02.2014","401,54","400,98","402,36","399,74","98,51M","-0,02%"
"18.02.2014","401,62","402,09","402,46","399,62","90,10M","0,09%"
"17.02.2014","401,24","400,01","401,82","399,64","61,21M","0,57%"
"14.02.2014","398,95","397,55","399,64","397,42","79,00M","0,49%"
"13.02.2014","397,00","396,94","397,52","394,77","91,93M","-0,11%"
"12.02.2014","397,42","396,39","399,53","396,22","153,18M","0,62%"
"11.02.2014","394,96","391,07","394,96","390,59","92,43M","1,37%"
"10.02.2014","389,64","390,80","391,06","388,80","91,56M","0,03%"
"07.02.2014","389,54","389,52","391,11","387,68","136,67M","0,29%"
"06.02.2014","388,41","384,80","389,67","383,51","118,45M","1,51%"
"05.02.2014","382,65","381,75","384,61","380,96","119,59M","-0,09%"
"04.02.2014","382,98","380,57","384,26","379,51","173,33M","-0,17%"
"03.02.2014","383,63","385,86","388,54","383,28","137,21M","-0,83%"
"31.01.2014","386,85","388,72","389,09","381,72","123,71M","-0,71%"
"30.01.2014","389,61","388,77","392,11","386,38","127,93M","0,07%"
"29.01.2014","389,33","395,35","396,51","384,68","131,91M","-0,74%"
"28.01.2014","392,23","391,88","393,14","390,22","111,51M","0,37%"
"27.01.2014","390,79","392,77","393,89","389,82","124,83M","-0,78%"
"24.01.2014","393,85","404,17","404,98","393,54","139,98M","-2,49%"
"23.01.2014","403,89","405,93","408,10","403,14","99,21M","-0,87%"
"22.01.2014","407,45","406,92","408,37","405,47","101,32M","0,56%"
"21.01.2014","405,19","408,43","408,81","404,26","101,07M","-0,69%"
"20.01.2014","408,00","407,18","408,03","406,54","70,34M","-0,06%"
"17.01.2014","408,26","404,85","408,55","404,85","123,34M","0,16%"
"16.01.2014","407,59","408,51","408,72","407,08","122,94M","-0,25%"
"15.01.2014","408,62","407,59","408,93","406,65","100,18M","0,50%"
"14.01.2014","406,57","401,31","406,57","400,46","108,66M","0,41%"
"13.01.2014","404,93","404,94","405,38","403,31","103,02M","0,24%"
"10.01.2014","403,95","404,01","405,95","402,97","109,90M","0,49%"
"09.01.2014","401,97","403,52","405,00","401,11","117,49M","-0,47%"
"08.01.2014","403,86","403,56","403,90","402,63","105,35M","0,22%"
"07.01.2014","402,97","400,58","403,27","399,23","105,89M","0,78%"
"06.01.2014","399,85","401,71","402,71","399,60","107,20M","-0,53%"
"03.01.2014","401,97","400,38","402,60","399,13","84,30M","0,54%"
"02.01.2014","399,82","403,37","404,43","399,64","92,57M","-0,49%"
"31.12.2013","401,79","400,60","401,92","400,23","21,42M","0,51%"
"30.12.2013","399,77","401,53","401,95","399,08","58,06M","-0,30%"
"27.12.2013","400,99","399,11","400,99","399,11","52,90M","1,10%"
"24.12.2013","396,61","395,27","397,53","395,27","17,97M","0,28%"
"23.12.2013","395,52","392,88","395,52","392,81","63,20M","1,01%"
"20.12.2013","391,56","388,34","391,92","388,34","160,59M","0,96%"
"19.12.2013","387,83","385,17","387,83","385,17","105,22M","1,75%"
"18.12.2013","381,17","379,66","381,32","378,36","78,63M","0,79%"
"17.12.2013","378,17","380,49","380,52","378,17","75,13M","-0,86%"
"16.12.2013","381,44","375,98","382,45","375,90","90,76M","1,22%"
"13.12.2013","376,86","377,44","378,96","376,45","76,93M","-0,25%"
"12.12.2013","377,82","381,60","381,86","377,80","92,20M","-1,39%"
"11.12.2013","383,15","384,70","387,26","383,03","71,52M","-0,63%"
"10.12.2013","385,56","386,84","389,68","385,10","68,23M","-0,47%"
"09.12.2013","387,38","388,26","388,26","385,90","71,64M","0,10%"
"06.12.2013","387,01","384,91","387,74","383,70","106,75M","0,86%"
"05.12.2013","383,71","387,08","387,95","383,71","82,26M","-1,14%"
"04.12.2013","388,14","391,69","391,87","385,51","87,82M","-0,62%"
"03.12.2013","390,57","395,58","395,89","390,57","82,04M","-1,37%"
"02.12.2013","395,99","396,62","397,86","395,46","62,69M","-0,14%"
"29.11.2013","396,55","396,14","397,30","395,90","52,82M","-0,05%"
"28.11.2013","396,75","396,40","397,56","396,30","43,79M","0,13%"
"27.11.2013","396,22","394,48","396,70","394,48","60,58M","0,54%"
"26.11.2013","394,11","396,86","397,45","394,11","79,09M","-0,84%"
"25.11.2013","397,46","397,66","398,59","397,13","68,13M","0,42%"
"22.11.2013","395,80","396,28","397,92","394,58","72,76M","0,12%"
"21.11.2013","395,33","394,80","396,73","393,65","81,66M","-0,31%"
"20.11.2013","396,54","394,46","398,04","394,06","87,81M","0,27%"
"19.11.2013","395,48","396,31","396,76","395,00","79,59M","-0,38%"
"18.11.2013","396,98","394,90","398,04","394,28","82,16M","0,41%"
"15.11.2013","395,34","395,15","396,26","394,62","84,44M","0,12%"
"14.11.2013","394,87","394,76","395,47","393,73","107,66M","0,94%"
"13.11.2013","391,18","391,25","392,49","388,43","104,74M","-0,56%"
"12.11.2013","393,38","395,24","396,11","393,32","91,71M","-0,52%"
"11.11.2013","395,45","395,13","395,73","393,84","100,82M","0,35%"
"08.11.2013","394,07","391,70","394,41","390,66","131,52M","0,22%"
"07.11.2013","393,22","394,70","398,31","392,58","192,74M","-0,19%"
"06.11.2013","393,97","392,59","395,84","392,52","143,21M","0,70%"
"05.11.2013","391,25","393,98","393,98","389,54","125,29M","-0,48%"
"04.11.2013","393,15","391,92","394,41","391,87","110,96M","0,50%"
"01.11.2013","391,20","392,50","392,52","390,60","85,57M","-0,18%"
"31.10.2013","391,92","388,47","391,92","388,47","109,78M","0,18%"
"30.10.2013","391,20","391,66","393,04","390,36","89,01M","0,02%"
"29.10.2013","391,13","388,47","391,31","388,47","74,63M","0,60%"
"28.10.2013","388,80","389,95","390,34","387,98","73,75M","-0,10%"
"25.10.2013","389,19","389,01","389,98","388,24","73,73M","-0,26%"
"24.10.2013","390,21","389,07","390,38","389,00","82,48M","0,42%"
"23.10.2013","388,56","388,16","388,93","387,43","88,16M","-0,42%"
"22.10.2013","390,19","387,74","391,41","387,68","128,85M","0,49%"
"21.10.2013","388,28","387,72","388,92","387,19","117,17M","0,66%"
"18.10.2013","385,73","384,04","385,73","382,93","115,97M","0,84%"
"17.10.2013","382,51","382,24","382,73","380,21","155,45M","-0,21%"
"16.10.2013","383,33","380,74","383,93","380,41","88,28M","0,36%"
"15.10.2013","381,95","378,48","382,25","378,48","103,87M","1,51%"
"14.10.2013","376,27","375,15","376,27","374,31","67,16M","0,04%"
"11.10.2013","376,11","376,06","376,56","375,07","78,04M","0,59%"
"10.10.2013","373,91","369,57","374,27","368,55","97,15M","1,83%"
"09.10.2013","367,19","369,81","370,00","366,06","82,08M","-1,02%"
"08.10.2013","370,98","373,32","373,89","370,98","68,68M","-0,74%"
"07.10.2013","373,75","374,59","374,59","370,57","70,72M","-0,61%"
"04.10.2013","376,03","374,57","376,69","373,85","61,98M","0,32%"
"03.10.2013","374,83","376,80","377,40","374,31","75,11M","-0,36%"
"02.10.2013","376,17","376,52","376,82","374,03","92,47M","-0,39%"
"01.10.2013","377,63","373,94","377,63","373,87","99,45M","0,72%"
"30.09.2013","374,92","372,91","375,04","372,44","95,21M","-0,23%"
"27.09.2013","375,77","377,89","378,65","374,05","79,65M","-0,58%"
"26.09.2013","377,95","379,64","380,34","377,11","74,99M","-0,43%"
"25.09.2013","379,60","379,67","380,74","377,91","86,21M","-0,28%"
"24.09.2013","380,67","379,16","380,96","379,15","83,79M","0,30%"
"23.09.2013","379,55","381,45","383,19","378,39","104,72M","-0,66%"
"20.09.2013","382,07","381,53","383,73","381,53","200,72M","-0,13%"
"19.09.2013","382,58","384,83","385,90","381,56","163,36M","0,44%"
"18.09.2013","380,92","380,32","381,32","379,08","106,87M","0,29%"
"17.09.2013","379,81","378,98","380,48","378,54","99,82M","-0,02%"
"16.09.2013","379,89","380,71","381,10","379,20","127,26M","0,81%"
"13.09.2013","376,84","376,03","377,29","375,36","80,90M","0,05%"
"12.09.2013","376,66","375,94","377,58","375,06","107,06M","0,43%"
"11.09.2013","375,05","375,90","376,25","374,10","109,69M","-0,33%"
"10.09.2013","376,31","372,27","376,79","372,27","128,19M","1,77%"
"09.09.2013","369,78","371,49","371,83","369,02","84,52M","-0,34%"
"06.09.2013","371,04","369,62","372,80","367,40","102,76M","0,29%"
"05.09.2013","369,95","368,87","370,60","366,29","96,96M","0,46%"
"04.09.2013","368,26","367,86","369,01","365,16","83,70M","0,32%"
"03.09.2013","367,09","369,87","369,87","365,58","85,25M","-0,59%"
"02.09.2013","369,26","366,31","369,70","366,31","92,02M","1,74%"
"30.08.2013","362,93","366,93","367,35","362,68","213,11M","-1,14%"
"29.08.2013","367,13","366,58","367,56","364,56","95,17M","0,73%"
"28.08.2013","364,47","363,17","365,10","362,33","123,83M","-0,11%"
"27.08.2013","364,87","371,06","372,40","364,09","148,18M","-2,31%"
"26.08.2013","373,49","375,11","375,11","372,03","103,23M","-0,31%"
"23.08.2013","374,67","372,58","375,53","370,86","83,39M","0,73%"
"22.08.2013","371,94","367,59","373,17","367,59","111,77M","1,21%"
"21.08.2013","367,51","368,69","369,35","367,33","79,30M","-0,38%"
"20.08.2013","368,93","371,95","372,08","366,77","113,35M","-1,30%"
"19.08.2013","373,80","374,88","375,15","372,79","74,22M","-0,25%"
"16.08.2013","374,75","374,61","375,23","372,51","114,16M","-0,22%"
"15.08.2013","375,58","378,90","378,90","373,20","98,72M","-1,06%"
"14.08.2013","379,62","377,68","380,18","377,32","132,46M","0,52%"
"13.08.2013","377,64","376,55","377,90","376,20","122,95M","0,54%"
"12.08.2013","375,61","376,23","376,84","373,67","166,68M","0,06%"
"09.08.2013","375,40","373,65","375,75","372,38","319,72M","0,88%"
"08.08.2013","372,14","370,80","373,52","369,88","128,57M","0,68%"
"07.08.2013","369,61","369,66","370,95","368,85","139,70M","-0,48%"
"06.08.2013","371,38","371,82","373,43","369,47","105,71M","-0,31%"
"05.08.2013","372,52","371,91","373,39","370,97","98,82M","0,32%"
"02.08.2013","371,34","373,86","374,12","370,48","132,19M","-0,28%"
"01.08.2013","372,39","370,20","372,39","369,23","165,21M","0,70%"
"31.07.2013","369,81","367,89","370,58","366,90","105,43M","0,22%"
"30.07.2013","368,99","369,73","371,07","368,39","101,90M","0,18%"
"29.07.2013","368,33","369,49","371,01","367,72","141,62M","0,01%"
"26.07.2013","368,31","371,74","372,28","367,26","107,98M","-0,55%"
"25.07.2013","370,36","371,05","371,68","367,92","117,44M","-0,43%"
"24.07.2013","371,96","369,60","373,13","369,60","161,73M","0,88%"
"23.07.2013","368,72","371,08","371,64","368,72","252,84M","-0,45%"
"22.07.2013","370,39","370,64","371,67","369,76","206,37M","0,17%"
"19.07.2013","369,76","367,67","369,93","366,44","118,92M","0,27%"
"18.07.2013","368,76","365,56","369,50","364,86","106,82M","0,74%"
"17.07.2013","366,06","364,89","367,28","362,50","99,47M","0,53%"
"16.07.2013","364,12","366,79","367,03","363,90","82,84M","-0,72%"
"15.07.2013","366,77","365,96","368,19","365,96","65,91M","0,50%"